smiles,value,label_03,label_07
N=C(O)NO,0.358,0,1
CC1OC1P(=O)(O)O,0.82,0,0
NCCC(O)(P(=O)(O)O)P(=O)(O)O,0.46,0,1
Oc1ncc(F)c(O)n1,0.05,1,1
C1CNCCN1,0.6666666667,0,1
CN(C)C(=N)NC(=N)N,0.99,0,0
NCCCC(O)(P(=O)(O)O)P(=O)(O)O,0.45,0,1
N=c1cc[nH]cc1,0.9505263158,0,0
O=P(O)(O)C(O)(Cn1ccnc1)P(=O)(O)O,0.39,0,1
Cn1nnc2c(C(N)=O)ncn2c1=O,0.056,1,1
CN(C)/N=N/c1[nH]cnc1C(N)=O,0.39,0,1
OC1COC2C(O)COC12,0.0254422098,1,1
CS(=O)(=O)OCCCCOS(C)(=O)=O,0.01,1,1
Nc1ccc(O)c(C(=O)O)c1,0.076469303,1,1
Cn1c(=O)c2nc[nH]c2n(C)c1=O,0.2329594478,1,1
NS(=O)(=O)c1cc2c(cc1Cl)NCNS2(=O)=O,0.95,0,0
O=P(O)(O)C(O)(Cc1cccnc1)P(=O)(O)O,0.87,0,0
O=P1(NCCCl)OCCCN1CCCl,0.1,1,1
O=P1(N(CCCl)CCCl)NCCCO1,0.065,1,1
N=c1[nH]c2ccc(OC(F)(F)F)cc2s1,0.0333333333,1,1
NS(=O)(=O)Cc1noc2ccccc12,0.222972973,1,1
N=c1nc(O)n(C2CSC(CO)O2)cc1F,0.7767,0,0
N=c1ccn(C2CSC(CO)O2)c(O)n1,0.8057726999,0,0
N=c1nc(O)c2ncn(COCCO)c2[nH]1,0.75,0,0
NC(=O)c1ncn(C2OC(CO)C(O)C2O)n1,0.265625,1,1
N=c1ncn(C2OC(CO)C(O)C2O)c(O)n1,0.62,0,1
CCC(C(=N)O)N1CCCC1=O,0.661575179,0,1
N=C(N)Nc1nc(CSCCC(=N)NS(N)(=O)=O)cs1,0.6975,0,1
CC(C)CC(CN)CC(=O)O,1,0,0
N=c1nnc(-c2cccc(Cl)c2Cl)c(N)[nH]1,0.1020408163,1,1
CC(=O)Oc1ccccc1C(=O)O,0.014,1,1
Clc1cccc(Cl)c1NC1=NCCN1,0.62,0,1
N=C(N)/N=C(\O)Cc1c(Cl)cccc1Cl,0.6300110107,0,1
N=c1ccn(C2OC(CO)C(O)C2(F)F)c(O)n1,0.08,1,1
CN(C)C(=O)Oc1ccc[n+](C)c1,0.09,1,1
N=c1ccn(C2CCC(CO)O2)c(O)n1,0.7914764079,0,0
N=c1ccn(C2OC(CO)C(O)C2O)c(O)n1,0.11,1,1
CC(CS)C(=O)N1CCCC1C(=O)O,0.4585,0,1
NCC1(CC(=O)O)CCCCC1,1,0,0
CCCCCN(C)CCC(O)(P(=O)(O)O)P(=O)(O)O,0.55,0,1
N=C(O)c1cn(Cc2c(F)cccc2F)nn1,0.0117647059,1,1
Nc1cc(-c2ccncc2)cnc1O,0.25,1,1
Nc1nc(Cl)nc2c1ncn2C1OC(CO)C(O)C1F,0.55,0,1
NCC(CC(=O)O)c1ccc(Cl)cc1,0.69,0,1
OCC1CCC(n2cnc3c(O)ncnc32)O1,0.45,0,1
Nc1nc(Cl)nc2c1ncn2C1CC(O)C(CO)O1,0.18,1,1
Cc1cn(C2C=CC(CO)O2)c(=O)nc1O,0.4534883721,0,1
Nc1nc(F)nc2c1ncn2C1OC(CO)C(O)C1O,0.24,1,1
Cc1cn(C2CC(N=[N+]=[N-])C(CO)O2)c(=O)nc1O,0.0432334242,1,1
CN1CCCC1c1cccnc1,0.5138461538,0,1
CC(Cc1ccc(O)c(O)c1)(NN)C(=O)O,0.053,1,1
C/N=C(\NC#N)NCCSCc1[nH]cnc1C,1,0,0
CCCNC1CCc2[nH]c(=N)sc2C1,0.9942647612,0,0
CCCCN1CC(O)C(O)C(O)C1CO,0.8762886598,0,0
CCC(CO)NCCNC(CC)CO,0.79,0,0
CC(C)/C(O)=N/c1ccc([N+](=O)[O-])c(C(F)(F)F)c1,0.01,1,1
COc1nc(=N)[nH]c2c1ncn2C1OC(CO)C(O)C1O,0.066,1,1
CC(CN1CC(=O)N=C(O)C1)N1CC(=O)N=C(O)C1,0.42,0,1
Cc1cccc(C)c1OCC(C)N,0.1089449541,1,1
CCCC(C)C1(CC)C(O)=NC(=S)N=C1O,0.005,1,1
Cc1oncc1C(=O)Nc1ccc(C(F)(F)F)cc1,0.0125,1,1
NS(=O)(=O)c1cc(C(=O)O)c(NCc2ccco2)cc1Cl,0.71,0,0
Nc1ccc(S(=O)(=O)c2ccc(N)cc2)cc1,0.1,1,1
C=C1C(CO)C(O)CC1n1cnc2c(O)nc(=N)[nH]c21,0.875,0,0
CC(O)C1C(=O)N2C(C(=O)O)=C(SCCNC=N)CC12,0.69,0,1
CC(C)c1cccc(C(C)C)c1O,0.005,1,1
CC(C)NCC(O)c1ccc(NS(C)(=O)=O)cc1,0.803,0,0
CC12CC3CC(C)(C1)CC(N)(C3)C2,0.495,0,1
CC(N)C12CC3CC(CC(C3)C1)C2,0.2083333333,1,1
CN/C(=C/[N+](=O)[O-])NCCSCc1csc(CN(C)C)n1,0.8714285714,0,0
CC1(C)OC2COC3(COS(N)(=O)=O)OC(C)(C)OC3C2O1,0.875,0,0
OC(Cn1cncn1)(Cn1cncn1)c1ccc(F)cc1F,0.8100414278,0,0
c1cnc2cc3c(cc2n1)C1CNCC3C1,0.942,0,0
N=c1c2c([nH]c3ccccc13)CCCC2,0.0294117647,1,1
CNC1(c2ccccc2Cl)CCCCC1=O,0.04,1,1
C#CCN(C)C(C)Cc1ccccc1,0.0227272727,1,1
CC(NC(C)(C)C)C(=O)c1cccc(Cl)c1,0.01,1,1
COCC(/N=C(/C)O)/C(O)=N/Cc1ccccc1,0.4,0,1
CC(C)C(N)C(=O)OCCOCn1cnc2c(O)nc(=N)[nH]c21,0.009202454,1,1
CCN(CC)CCNC(=O)c1ccc(N)cc1,0.67,0,1
CC(C)(C)NCC(O)c1ccc(O)c(CO)c1,0.505,0,1
CN/C(=C\[N+](=O)[O-])NCCSCc1ccc(CN(C)C)o1,0.69,0,1
O=C(O)Cc1ccccc1Nc1c(Cl)cccc1Cl,0.01,1,1
NS(=O)(=O)c1cc(C2(O)N=C(O)c3ccccc32)ccc1Cl,0.65,0,1
Cc1ccc(C(=O)c2cc(O)c(O)c([N+](=O)[O-])c2)cc1,0.0078817734,1,1
Cc1cnc(/N=C(\O)C2=C(O)c3ccccc3S(=O)(=O)N2C)s1,0.0022747953,1,1
C=CC1=C(C(=O)O)N2C(=O)C(/N=C(O)\C(=N\O)c3csc(=N)[nH]3)C2SC1,0.8108108108,0,0
COc1ccc2cc(C(C)C(=O)O)ccc2c1,0.0052631579,1,1
Cc1nnc(SCC2=C(C(=O)O)N3C(=O)C(/N=C(/O)Cn4cnnn4)C3SC2)s1,0.8,0,0
CCOC(=O)c1cncn1C(C)c1ccccc1,0.02,1,1
CNC1CCc2[nH]c3ccc(C(=N)O)cc3c2C1,0.2410147992,1,1
CCn1cc(C(=O)O)c(=O)c2cnc(N3CCNCC3)nc21,0.557,0,1
C=CCC1(C(C)C#CCC)C(=O)N(C)C(=O)N=C1O,0.005,1,1
COc1cc(Cc2c[nH]c(=N)[nH]c2=N)cc(OC)c1OC,0.63,0,1
CC(=O)OCC(CCn1cnc2c[nH]c(=N)nc21)COC(C)=O,0,1,1
CC(C)NCC(O)COc1cccc2[nH]ccc12,0.648,0,1
CNS(=O)(=O)Cc1ccc2[nH]cc(CCN(C)C)c2c1,0.22,1,1
CCN(CC)C/C(O)=N/c1c(C)cccc1C,0.08,1,1
CCN(C)C(=O)Oc1cccc(C(C)N(C)C)c1,0.002786994,1,1
CCN(CC)CC/N=C(/O)c1cc(Cl)c(N)cc1OC,0.25,1,1
CC(C)NCC(O)COc1ccc(CC(=N)O)cc1,0.94,0,0
OC1=Nc2ccc(Cl)cc2C(c2ccccc2Cl)=NC1O,0.0055555556,1,1
O=[N+]([O-])c1ccc2c(c1)C(c1ccccc1Cl)=NCC(O)=N2,0.0052910053,1,1
N=C(O)N1c2ccccc2C=Cc2ccccc21,0.0053475936,1,1
O=C(c1ccccc1)c1ccc2n1CCC2C(=O)O,0.58,0,1
NC(/C(O)=N/C1C(=O)N2C(C(=O)O)=C(Cl)CSC12)c1ccccc1,0.6135693215,0,1
N=c1[nH]c(C(=C\CC(=O)O)/C(O)=N\C2C(=O)N3C(C(=O)O)=CCSC23)cs1,0.8711656442,0,0
N=C(O)C[S+]([O-])C(c1ccccc1)c1ccccc1,0.08,1,1
COC1(/N=C(\O)CSCC#N)C(=O)N2C(C(=O)O)=C(CSc3nnnn3C)CSC21,0.8,0,0
COCC1=C(C(=O)O)N2C(=O)C(/N=C(O)/C(=N\OC)c3csc(=N)[nH]3)C2SC1,0.4765,0,1
C/N=C(\O)c1cnn(-c2nc(N)c3ncn(C4OC(CO)C(O)C4O)c3n2)c1,0.65,0,1
CN(C)CCc1c[nH]c2ccc(Cn3cncn3)cc12,0.332433891,0,1
COCCCC/C(=N\OCCN)c1ccc(C(F)(F)F)cc1,0.0377358491,1,1
CCN(CC)C(=O)C1(c2ccccc2)CC1CN,0.631147541,0,1
Cc1ccc(C)c(OCCCC(C)(C)C(=O)O)c1,0.01,1,1
CCCCCO/C(O)=N/c1nc(=O)n(C2OC(C)C(O)C2O)cc1F,0.03,1,1
CCN1CCCC1C/N=C(\O)c1cc(S(N)(=O)=O)ccc1OC,0.93,0,0
COCCc1ccc(OCC(O)CNC(C)C)cc1,0.2,1,1
CC(c1ncncc1F)C(O)(Cn1cncn1)c1ccc(F)cc1F,0.0158730159,1,1
CC(C(=O)O)c1cccc(C(=O)c2ccccc2)c1,0.0063742032,1,1
COc1ccnc(C[S+]([O-])c2nc3ccc(OC(F)F)cc3[nH]2)c1OC,0,1,1
NC(CC(=O)N1CCn2c(nnc2C(F)(F)F)C1)Cc1cc(F)c(F)cc1F,0.8965517241,0,0
CC1COc2c(C3(N)CC3)c(F)cc3c(=O)c(C(=O)O)cn1c23,0.9386,0,0
NC(/C(O)=N\C1C(=O)N2C(C(=O)O)=C(Cl)CCC12)c1ccccc1,1,0,0
CC1=C(C(=O)O)N2C(=O)C(/N=C(\O)C(N)c3ccccc3)C2SC1,0.8402,0,0
COC1(/N=C(\O)Cc2cccs2)C(=O)N2C(C(=O)O)=C(COC(=N)O)CSC21,0.85,0,0
CC1(C)SC2C(/N=C(\O)C(N)c3ccccc3)C(=O)N2C1C(=O)O,0.70525,0,0
CC1(C)SC2C(/N=C(\O)C(N)c3ccc(O)cc3)C(=O)N2C1C(=O)O,0.9662921348,0,0
C/C(O)=N/CC1CN(c2ccc(N3CCOCC3)c(F)c2)C(=O)O1,0.3,0,1
CC(C)NCC(O)COc1cccc2ccccc12,0.0085034014,1,1
CC/C(O)=N/CCC1CCc2ccc3c(c21)CCO3,0.0552251487,1,1
Cn1c(CCCC(=O)O)nc2cc(N(CCCl)CCCl)ccc21,0.01,1,1
CN(C)CCc1c[nH]c2ccc(CC3COC(O)=N3)cc12,0.1954751131,1,1
CC12CCCCCC(Cc3ccc(O)cc31)C2N,0.01,1,1
CCCCCNC(=N)N/N=C/c1c[nH]c2ccc(OC)cc12,0.047761194,1,1
CCCN(CCC)CCc1cccc2c1CC(O)=N2,0.0975609756,1,1
CC(C)(C)NCC(O)COc1cccc2c1CCC(O)=N2,0.7185628743,0,0
COc1cccc(C2(O)CCCCC2CN(C)C)c1,0.2663202338,1,1
COC(=O)CCc1ccc(OCC(O)CNC(C)C)cc1,0.005,1,1
N#Cc1ccc(C(c2ccc(C#N)cc2)n2cncn2)cc1,0.0390260173,1,1
Cc1nnc2n1-c1ccc(Cl)cc1C(c1ccccc1)=NC2,0.202020202,1,1
Cc1ccc(-c2cc(C(F)(F)F)nn2-c2ccc(S(N)(=O)=O)cc2)cc1,0.0273972603,1,1
CS(=O)(=O)c1ccc(C2=C(c3ccccc3)C(=O)OC2)cc1,0.0107594937,1,1
CCN(C(C)=O)c1cccc(-c2ccnc3c(C#N)cnn23)c1,0.0166666667,1,1
CN1CC2c3ccccc3Oc3ccc(Cl)cc3C2C1,0.3333333333,0,1
OC(c1cc(C(F)(F)F)nc2c(C(F)(F)F)cccc12)C1CCCCN1,0.1058823529,1,1
COC1(/N=C(\O)C2SC(=C(C(=N)O)C(=O)O)S2)C(=O)N2C(C(=O)O)=C(CSc3nnnn3C)CSC21,0.67,0,1
Cc1nc[nH]c1CN1CCc2c(c3ccccc3n2C)C1=O,0.1134341637,1,1
CN1CCN(c2c(F)cc3c(=O)c(C(=O)O)cn(CCF)c3c2F)CC1,0.725,0,0
O=C(O)c1cn(C2CC2)c2cc(N3CCNCC3)c(F)cc2c1=O,0.6873,0,1
CN1CCN2c3ncccc3Cc3ccccc3C2C1,0.04,1,1
CN1CCC23c4c5ccc(O)c4OC2C(=O)CCC3C1C5,0.1285,1,1
CCn1cc(C(=O)O)c(=O)c2cc(F)c(N3CCNC(C)C3)c(F)c21,0.6666666667,0,1
COc1ccc2nc([S+]([O-])Cc3ncc(C)c(OC)c3C)[nH]c2c1,0,1,1
CN1CCC23c4c5ccc(O)c4OC2C(=O)CCC3(O)C1C5,0.187994723,1,1
Cc1cc2c(s1)Nc1ccccc1N=C2N1CCN(C)CC1,0.07,1,1
O/C(=N\CC1CCCCN1)c1cc(OCC(F)(F)F)ccc1OCC(F)(F)F,0.4747184809,0,1
CNCCC(Oc1ccccc1C)c1ccccc1,0.015,1,1
CCc1cccc2c3c([nH]c12)C(CC)(CC(=O)O)OCC3,0.0122213233,1,1
CC(O)/C(O)=N/c1c(I)c(/C(O)=N/C(CO)CO)c(I)c(/C(O)=N/C(CO)CO)c1I,0.96,0,0
CN(C)CCc1c[nH]c2ccc(CS(=O)(=O)N3CCCC3)cc12,0.5714285714,0,1
CC(C)CC(N(C)C)C1(c2ccc(Cl)cc2)CCC1,0,1,1
COc1ccc(C(CN(C)C)C2(O)CCCCC2)cc1,0.1095238095,1,1
CC(C)(C)NCC(O)COc1cccc2c1CC(O)C(O)C2,0.73,0,0
CC(O)(CS(=O)(=O)c1ccc(F)cc1)/C(O)=N/c1ccc(C#N)c(C(F)(F)F)c1,0.017,1,1
O=C(O)c1cc(/N=N/c2ccc(S(=O)(=O)Nc3ccccn3)cc2)ccc1O,0.1109936575,1,1
O=C(O)CCc1nc(-c2ccccc2)c(-c2ccccc2)o1,0.0052631579,1,1
c1ccc(C2(c3ccccc3)CC2C2=NCCN2)cc1,0.585,0,1
O=C(O)C1=C(CSc2nnnn2CS(=O)(=O)O)CSC2C(/N=C(/O)C(O)c3ccccc3)C(=O)N12,0.99,0,0
Cc1nccn1CC1CCc2c(c3ccccc3n2C)C1=O,0.0862686373,1,1
CN(CCOc1ccc(CC2SC(=O)N=C2O)cc1)c1ccccn1,0,1,1
CCOC(=O)C1=C(C)NC(C)=C(C(=O)OC)C1c1cccc(Cl)c1Cl,0.0136986301,1,1
C/C=C/C1=C(C(=O)O)N2C(=O)C(/N=C(\O)C(N)c3ccc(O)cc3)C2SC1,0.7684210526,0,0
CC1COc2c(N3CCN(C)CC3)c(F)cc3c(=O)c(C(=O)O)cn1c23,0.6986750131,0,1
COCCCOc1ccnc(C[S+]([O-])c2nc3ccccc3[nH]2)c1C,0,1,1
CC(CCc1ccc(O)cc1)NCCc1ccc(O)c(O)c1,0.001,1,1
CN(C)CCn1nnnc1SCC1=C(C(=O)O)N2C(=O)C(/N=C(/O)Cc3csc(=N)[nH]3)C2SC1,0.8,0,0
N#CC1CC2CC2N1C(=O)C(N)C12CC3CC(CC(O)(C3)C1)C2,0.158,1,1
CCN(CCO)CCCC(C)Nc1ccnc2cc(Cl)ccc12,0.3648648649,0,1
CCC/C(O)=N/c1ccc(OCC(O)CNC(C)C)c(C(C)=O)c1,0.2857142857,1,1
CC(C)NCC(O)COc1ccc(COCCOC(C)C)cc1,0.7788461538,0,0
CCCC1CC(/C(O)=N/C(C(C)Cl)C2OC(SC)C(O)C(O)C2O)N(C)C1,0.2,1,1
CCCC1CC(/C(O)=N/C(C(C)O)C2OC(SC)C(O)C(O)C2O)N(C)C1,0.3,0,1
NCC1OC(OC2C(N)CC(N)C(OC3OC(CO)C(O)C(N)C3O)C2O)C(N)CC1O,0.8525,0,0
COc1ccc2c(c1)c(CC(=O)O)c(C)n2C(=O)c1ccc(Cl)cc1,0.15,1,1
CO/N=C(C(/O)=N\C1C(=O)N2C(C(=O)[O-])=C(C[n+]3ccn4ncccc43)CSC12)\c1nc(=N)s[nH]1,0.88,0,0
O=C(NCC1CN(c2ccc(N3CCOCC3=O)cc2)C(=O)O1)c1ccc(Cl)s1,0.33,0,1
Cc1onc(-c2ccccc2)c1/C(O)=N/C1C(=O)N2C1SC(C)(C)C2C(=O)O,0.46,0,1
O=C(OC1CC2CC3CC(C1)N2CC3=O)c1c[nH]c2ccccc12,0,1,1
CCc1ccc(CCOc2ccc(CC3SC(=O)N=C3O)cc2)nc1,0.00625,1,1
CC(C)(Oc1ccc(CCNC(=O)c2ccc(Cl)cc2)cc1)C(=O)O,0.691,0,1
C=CCN1CCC23c4c5ccc(O)c4OC2C(=O)CCC3(O)C1C5,0,1,1
O=c1n(CCCN2CCN(c3cccc(Cl)c3)CC2)nc2ccccn12,0.0076923077,1,1
CC1CN(c2c(F)c(N)c3c(=O)c(C(=O)O)cn(C4CC4)c3c2F)CC(C)N1,0.1101928375,1,1
COc1cc(NCc2ccc3[nH]c(=N)[nH]c(=N)c3c2C)cc(OC)c1OC,0.2,1,1
CN(C)CCCN1c2ccccc2CCc2ccccc21,0.02,1,1
N=C(N)c1ccc(OCCCCCOc2ccc(C(=N)N)cc2)cc1,0.12,1,1
CC(CCc1ccccc1)NCC(O)c1ccc(O)c(C(=N)O)c1,0.1008064516,1,1
COc1cc2nc(N3CCN(C(=O)C4CCCO4)CC3)[nH]c(=N)c2cc1OC,0.115785411,1,1
CC(C)C1CCC(/C(O)=N/C(Cc2ccccc2)C(=O)O)CC1,0.1780821918,1,1
CN(CCOc1ccc(NS(C)(=O)=O)cc1)CCc1ccc(NS(C)(=O)=O)cc1,0.6835781041,0,1
CC(C)OC(=O)OCOP(=O)(COC(C)Cn1cnc2c(N)ncnc21)OCOC(=O)OC(C)C,0.82,0,0
CCCC(NC(C)C(=O)N1C(C(=O)O)CC2CCCCC21)C(=O)OCC,0.1066666667,1,1
CO/N=C(C(\O)=N\C1C(=O)N2C(C(=O)O)=C(CSc3nc(C)c(CC(=O)O)s3)CSC12)/c1csc(=N)[nH]1,0.8,0,0
COC1(/N=C(\O)C(C(=O)O)c2ccc(O)cc2)C(=O)N2C(C(=O)O)=C(CSc3nnnn3C)COC21,0.76,0,0
CN(C)CCC=C1c2ccccc2C=Cc2ccccc21,0.01,1,1
CN(C)CCCC1(c2ccc(F)cc2)OCc2cc(C#N)ccc21,0.0860215054,1,1
Cc1nnc(C(=O)NC(C)(C)c2nc(/C(O)=N\Cc3ccc(F)cc3)c(O)c(=O)n2C)o1,0.28125,1,1
N=c1nc(O)c2c(CCc3ccc(C(=O)NC(CCC(=O)O)C(=O)O)cc3)c[nH]c2[nH]1,0.8,0,0
NCc1ccccc1C/C(O)=N\C1C(=O)N2C(C(=O)O)=C(CSc3nnnn3CC(=O)O)CSC12,0.84,0,0
CN(Cc1cnc2nc(=N)[nH]c(N)c2n1)c1ccc(C(=O)NC(CCC(=O)O)C(=O)O)cc1,0.81,0,0
O=C1CCC2(O)C3Cc4ccc(O)c5c4C2(CCN3CC2CC2)C1O5,0.032,1,1
N=c1nc(O)c2c([nH]1)NCC(CNc1ccc(C(=O)NC(CCC(=O)O)C(=O)O)cc1)N2C=O,0.1030927835,1,1
C=C1CC2C(CCC3(C)C(=O)CCC23)C2(C)C=CC(=O)C=C12,0.011627907,1,1
C=CC1CN2CCC1CC2C(O)c1ccnc2ccc(OC)cc12,0.194461117,1,1
Cc1ccsc1C(=CCCN1CCCC(C(=O)O)C1)c1sccc1C,0.0222263382,1,1
CCOC(=O)C1=C(COCCN)NC(C)=C(C(=O)OC)C1c1ccccc1Cl,0.15625,1,1
CCOC(=O)C(CCc1ccccc1)NC(C)C(=O)N1CCCC1C(=O)O,0.2093397746,1,1
CCC(=O)N(c1ccccc1)C1(C(=O)OC)CCN(CCC(=O)OC)CC1,0.001,1,1
CCOc1ccccc1OCCNC(C)Cc1ccc(OC)c(S(N)(=O)=O)c1,0.0919014085,1,1
COc1ccccc1N1CCN(CCCNc2cc(=O)n(C)c(=O)n2C)CC1,0.15,1,1
CC(C)(C)C(=O)OCOP(=O)(COCCn1cnc2c(N)ncnc21)OCOC(=O)C(C)(C)C,0.7627118644,0,0
CNC(=O)c1cc(Oc2ccc(N/C(O)=N/c3ccc(Cl)c(C(F)(F)F)c3)cc2)ccn1,0,1,1
COc1cc(NS(C)(=O)=O)ccc1N=c1c2ccccc2[nH]c2ccccc12,0.1,1,1
OC1=Nc2cc(Cl)c(CCN3CCN(c4nsc5ccccc45)CC3)cc2C1,0.0083731316,1,1
CCOc1ccc2ccccc2c1/C(O)=N/C1C(=O)N2C1SC(C)(C)C2C(=O)O,0.27,1,1
Cc1nc(O)c2cc(CN(C)c3ccc(C(=O)NC(CCC(=O)O)C(=O)O)s3)ccc2n1,0.5,0,1
O=C(CCCN1CCC(O)(c2ccc(Cl)cc2)CC1)c1ccc(F)cc1,0.01,1,1
C[N+]1(CC2CC2)CCC23c4c5ccc(O)c4OC2C(=O)CCC3(O)C1C5,0.435,0,1
CC1(C)SC2C(/N=C(/O)C(/N=C(\O)N3CCN(S(C)(=O)=O)C3=O)c3ccccc3)C(=O)N2C1C(=O)O,0.45,0,1
COc1cc(C)c(/C=C/C(C)=C/C=C/C(C)=C/C(=O)O)c(C)c1C,0,1,1
COCCOC(=O)C1=C(C)NC(C)=C(C(=O)OC(C)C)C1c1cccc([N+](=O)[O-])c1,0.0407318149,1,1
CCC(=O)C(CC(C)N(C)C)(c1ccccc1)c1ccccc1,0.3529411765,0,1
CCCNCC(O)COc1ccccc1C(=O)CCc1ccccc1,0.0718232044,1,1
Oc1ccc2c3c1OC1C(O)CCC4(O)C(C2)N(CC2CCC2)CCC314,0.04,1,1
Cc1cnc(/C(O)=N/CCc2ccc(S(=O)(=O)N/C(O)=N/C3CCCCC3)cc2)cn1,0.0475,1,1
COCC1=C(C(=O)OC(C)OC(=O)OC(C)C)N2C(=O)C(/N=C(O)/C(=N\OC)c3csc(=N)[nH]3)C2SC1,0,1,1
C#CC1(O)CCC2C3CCC4=CC(=O)CCC4C3CCC21CC,0.5473684211,0,1
CC(C)N(CCC(C(=N)O)(c1ccccc1)c1ccccn1)C(C)C,0.233,1,1
Oc1ccc2c(c1)C13CCCCC1(O)C(C2)N(CC1CCC1)CC3,0.0869565217,1,1
CCCCCc1cc(O)c2c(c1)OC(C)(C)C1CCC(C)=CC21,0.0333333333,1,1
O=C1CC2(CCCC2)CC(=O)N1CCCCN1CCN(c2ncccn2)CC1,0.02,1,1
NCCCCC(NC(CCc1ccccc1)C(=O)O)C(=O)N1CCCC1C(=O)O,0.94,0,0
CCC(=O)N(c1ccccc1)C1(COC)CCN(CCn2nnn(CC)c2=O)CC1,0.005,1,1
CNC(C)C1CCC(N)C(OC2C(N)CC(N)C(OC3OCC(C)(O)C(NC)C3O)C2O)O1,0.9,0,0
O=C1C(O)=C(C2CCC(c3ccc(Cl)cc3)CC2)C(=O)c2ccccc21,0.1304347826,1,1
CC(NCCCc1cccc(C(F)(F)F)c1)c1cccc2ccccc12,0.005,1,1
C#Cc1cccc(Nc2ncnc3cc(OCCOC)c(OCCOC)cc23)c1,0.0046248715,1,1
COc1cc2ncnc(Nc3ccc(F)c(Cl)c3)c2cc1OCCCN1CCOCC1,0.033557047,1,1
CC1c2cccc(O)c2C(=O)C2=C(O)C3(O)C(=O)C(C(=N)O)=C(O)C(N(C)C)C3C(O)C21,0.41,0,1
COc1cc2c(c(OC)c1OC)-c1ccc(OC)c(=O)cc1C(/N=C(\C)O)CC2,0.28,1,1
CN1CCCC1Cc1c[nH]c2ccc(CCS(=O)(=O)c3ccccc3)cc12,0.1,1,1
COc1ccc(C2Sc3ccccc3N(CCN(C)C)C(=O)C2OC(C)=O)cc1,0.0450045005,1,1
CCC(=O)N(c1ccccc1)C1(COC)CCN(CCc2cccs2)CC1,0.06,1,1
CCCc1nn(C)c2c(=O)[nH]c(-c3cc(S(=O)(=O)N4CCN(C)CC4)ccc3OCC)nc12,0.1858108108,1,1
CCN(CC)CC#CCOC(=O)C(O)(c1ccccc1)C1CCCCC1,0.0833333333,1,1
NCCC(O)/C(O)=N\C1CC(N)C(OC2OC(CN)C(O)C(O)C2O)C(O)C1OC1OC(CO)C(O)C(N)C1O,0.98,0,0
CC(OC1OCCN(Cc2nc(O)n[nH]2)C1c1ccc(F)cc1)c1cc(C(F)(F)F)cc(C(F)(F)F)c1,0,1,1
CCC1(O)C(=O)OCc2c1cc1n(c2=O)Cc2cc3c(CN(C)C)c(O)ccc3nc2-1,0.4,0,1
CCCCc1ncc(/C=C(\Cc2cccs2)C(=O)O)n1Cc1ccc(C(=O)O)cc1,0.3,0,1
O=C(OC1CN2CCC1CC2)N1CCc2ccccc2C1c1ccccc1,0.143494898,1,1
OC1=Nc2cc(OCCCCN3CCN(c4cccc(Cl)c4Cl)CC3)ccc2CC1,0.005752416,1,1
Cc1nc2n(c(=O)c1CCN1CCC(c3noc4cc(F)ccc34)CC1)CCCC2,0.0428467683,1,1
Cc1nc2n(c(=O)c1CCN1CCC(c3noc4cc(F)ccc34)CC1)CCCC2O,0.4036697248,0,1
COc1ccc(Cl)cc1/C(O)=N\CCc1ccc(S(=O)(=O)N/C(O)=N/C2CCCCC2)cc1,0,1,1
CCCc1nc(C)c2c(=O)nc(-c3cc(S(=O)(=O)N4CCN(CC)CC4)ccc3OCC)[nH]n12,0.2684563758,1,1
CC(C)(C)/N=C(\O)C1CCC2C3CCC4N=C(O)C=CC4(C)C3CCC12C,0.0065952185,1,1
CCC(C)C(=O)OC1CC(O)C=C2C=CC(C)C(CCC(O)CC(O)CC(=O)O)C21,0.47,0,1
CC(C)n1c(/C=C/C(O)CC(O)CC(=O)O)c(-c2ccc(F)cc2)c2ccccc21,0.0575153374,1,1
COc1ccccc1OCCNCC(O)COc1cccc2[nH]c3ccccc3c12,0.0333333333,1,1
COc1cc(C(C)=O)ccc1OCCCN1CCC(c2noc3cc(F)ccc23)CC1,0.0138888889,1,1
COc1cc2c(cc1OC)C(=O)C(CC1CCN(Cc3ccccc3)CC1)C2,0.108813609,1,1
CCCCC(=O)N(Cc1ccc(-c2ccccc2-c2nn[nH]n2)cc1)C(C(=O)O)C(C)C,0.5639269406,0,1
COC(=O)C1CC2=CC(=O)CCC2(C)C23OC2CC2(C)C(CCC24CCC(=O)O4)C13,0.06,1,1
COc1ccccc1OCC(O)CN1CCN(C/C(O)=N/c2c(C)cccc2C)CC1,0.1411764706,1,1
CCC1=C(C)CN(/C(O)=N\CCc2ccc(S(=O)(=O)N/C(O)=N/C3CCC(C)CC3)cc2)C1=O,0.0025,1,1
CC(CCC(=O)O)C1CCC2C3C(O)CC4CC(O)CCC4(C)C3CCC12C,0.0053191489,1,1
CCN1CCN(/C(O)=N/C(/C(O)=N/C2C(=O)N3C(C(=O)O)=C(CSc4nnnn4C)CSC23)c2ccc(O)cc2)C(=O)C1=O,0.29,1,1
CCCCC1=NC2(CCCC2)C(=O)N1Cc1ccc(-c2ccccc2-c2nn[nH]n2)cc1,0.0351678184,1,1
CO/N=C(C(/O)=N\C1C(=O)N2C(C(=O)OCOC(=O)C(C)(C)C)=C(/C=C/c3scnc3C)CSC12)\c1csc(=N)[nH]1,0.3341902314,0,1
CCCCc1oc2ccccc2c1C(=O)c1cc(I)c(OCCN(CC)CC)c(I)c1,0,1,1
CCc1nn(CCCN2CCN(c3cccc(Cl)c3)CC2)c(=O)n1CCOc1ccccc1,0.0051181102,1,1
CC1CN(CC(Cc2ccccc2)/C(O)=N/CC(=O)O)CCC1(C)c1cccc(O)c1,0.3125,0,1
CCCC1OC2CC3C4CCC5=CC(=O)C=CC5(C)C4C(O)CC3(C)C2(C(=O)CO)O1,0,1,1
CCC(C)(C)C(=O)OC1CC(C)C=C2C=CC(C)C(CCC3CC(O)CC(=O)O3)C21,0.0392344498,1,1
Cc1ccccc1C(=O)Nc1ccc(C(=O)N2CCCC(O)c3cc(Cl)ccc32)c(C)c1,0,1,1
CC(=O)C1(O)Cc2c(O)c3c(c(O)c2C(OC2CC(N)C(O)C(C)O2)C1)C(=O)c1ccccc1C3=O,0.03,1,1
CC(=O)N1CCN(c2ccc(OCC3COC(Cn4ccnc4)(c4ccc(Cl)cc4Cl)O3)cc2)CC1,0.0440528634,1,1
CC(C)C(=O)Oc1ccc(CO)cc1C(CCN(C(C)C)C(C)C)c1ccccc1,0,1,1
COc1ccccc1Oc1c(NS(=O)(=O)c2ccc(C(C)(C)C)cc2)nc(-c2ncccn2)nc1OCCO,0.0394607037,1,1
COc1cccc2c1C(=O)c1c(O)c3c(c(O)c1C2=O)CC(O)(C(C)=O)CC3OC1CC(N)C(O)C(C)O1,0.005,1,1
COc1cccc2c1C(=O)c1c(O)c3c(c(O)c1C2=O)CC(O)(C(=O)CO)CC3OC1CC(N)C(O)C(C)O1,0.057662813,1,1
CC12C=CC(O)=NC1CCC1C2CCC2(C)C(/C(O)=N/c3cc(C(F)(F)F)ccc3C(F)(F)F)CCC12,0.0082863772,1,1
CCOc1cc(C/C(O)=N/C(CC(C)C)c2ccccc2N2CCCCC2)ccc1C(=O)O,0.0254237288,1,1
COc1cc2c(cc1OC)CC(=O)N(CCCN(C)CC1Cc3cc(OC)c(OC)cc31)CC2,0.0864864865,1,1
CC(C)CN(CC(O)C(Cc1ccccc1)/N=C(\O)OC1COC2OCCC12)S(=O)(=O)c1ccc(N)cc1,0.0326923077,1,1
COc1ccc(CCN(C)CCCC(C#N)(c2ccc(OC)c(OC)c2)C(C)C)cc1OC,0.0552631579,1,1
C/C(=C\c1csc(C)n1)C1CC2OC2(C)CCCC(C)C(O)C(C)C(=O)C(C)(C)C(O)C/C(O)=N\1,0.056,1,1
CC(/C=C/C(C)C(C)(C)O)C1CCC2/C(=C/C=C3CC(O)CC(O)C3)CCCC21C,0,1,1
Cc1cn(-c2cc(/N=C(\O)c3ccc(C)c(Nc4nccc(-c5cccnc5)n4)c3)cc(C(F)(F)F)c2)cn1,0.1333333333,1,1
O=C(c1ccc(OCCN2CCCCC2)cc1)c1c(-c2ccc(O)cc2)sc2cc(O)ccc12,0.0500166722,1,1
N=C(O)C(c1ccccc1)(c1ccccc1)C1CCN(CCc2ccc3c(c2)CCO3)C1,0.7352941176,0,0
CS(=O)(=O)CCNCc1ccc(-c2ccc3ncnc(Nc4ccc(OCc5cccc(F)c5)c(Cl)c4)c3c2)o1,0.0217391304,1,1
CCCc1nc(C(C)(C)O)c(C(=O)OCc2oc(=O)oc2C)n1Cc1ccc(-c2ccccc2-c2nn[nH]n2)cc1,0,1,1
Cc1ccc(NC(=O)c2ccc(CN3CCN(C)CC3)cc2)cc1Nc1nccc(-c2cccnc2)n1,0.0510204082,1,1
COc1cc(C2c3cc4c(cc3C(OC3OC5COC(C)OC5C(O)C3O)C3COC(=O)C23)OCO4)cc(OC)c1O,0.76,0,0
Cc1nnc(C(C)C)n1C1CC2CCC(C1)N2CCC(/N=C(/O)C1CCC(F)(F)CC1)c1ccccc1,0.5287136509,0,1
CCC(=O)OC(OP(=O)(CCCCc1ccccc1)CC(=O)N1CC(C2CCCCC2)CC1C(=O)O)C(C)C,0,1,1
COCCCOc1cc(CC(CC(N)C(O)CC(/C(O)=N\CC(C)(C)C(=N)O)C(C)C)C(C)C)ccc1OC,0.075,1,1
CCCCc1oc2ccc(NS(C)(=O)=O)cc2c1C(=O)c1ccc(OCCCN(CCCC)CCCC)cc1,0,1,1
Cc1nc2c([nH]1)-c1ccccc1N(C(=O)c1ccc(NC(=O)c3ccccc3-c3ccccc3)cc1)CC2,0.01,1,1
COc1cc(C2c3cc4c(cc3C(OC3OC5COC(c6cccs6)OC5C(O)C3O)C3COC(=O)C23)OCO4)cc(OC)c1O,0.09,1,1
CC(C)(C(=O)O)c1ccc(C(O)CCCN2CCC(C(O)(c3ccccc3)c3ccccc3)CC2)cc1,0.7575757576,0,0
CC12CCC3c4ccc(O)cc4CC(CCCCCCCCC[S+]([O-])CCCC(F)(F)C(F)(F)F)C3C1CCC2O,0.01,1,1
C=CC[N+]1(C2CC3C4CCC5CC(O)C(N6CCOCC6)CC5(C)C4CCC3(C)C2OC(C)=O)CCCC1,0.17,1,1
CCCc1nc2c(C)cc(-c3nc4ccccc4n3C)cc2n1Cc1ccc(-c2ccccc2C(=O)O)cc1,0.0101347323,1,1
CCOc1nc2cccc(C(=O)OC(C)OC(=O)OC3CCCCC3)c2n1Cc1ccc(-c2ccccc2-c2nn[nH]n2)cc1,0,1,1
CC(C)c1c(/C(O)=N/c2ccccc2)c(-c2ccccc2)c(-c2ccc(F)cc2)n1CCC(O)CC(O)CC(=O)O,0.0726942299,1,1
CCc1c2c(nc3ccc(OC(=O)N4CCC(N5CCCCC5)CC4)cc13)-c1cc3c(c(=O)n1C2)COC(=O)C3(O)CC,0.167,1,1
CCN(CC)CCS(=O)(=O)C1CCN2C(=O)c3coc(n3)CC(=O)CC(O)/C=C(C)\C=C/C/N=C(O)\C=C/C(C)C(C(C)C)OC(=O)C12,0.045,1,1
CC(=O)OC1CC2CCC3C(CCC4(C)C3CC([N+]3(C)CCCCC3)C4OC(C)=O)C2(C)CC1N1CCCCC1,0.2,1,1
CC(C)(O)c1ccccc1CCC(SCC1(CC(=O)O)CC1)c1cccc(/C=C/c2ccc3ccc(Cl)cc3n2)c1,0.0029945343,1,1
N=C(N)NCCCCC1/N=C(/O)CCSSCC(C(=N)O)/N=C(/O)C2CCCN2C(=O)C(Cc2c[nH]c3ccccc23)/N=C(/O)C(CC(=O)O)/N=C(/O)C/N=C\1O,0.5,0,1
CC(=O)OC1CC2CCC3C(CCC4(C)C3CC([N+]3(C)CCCCC3)C4OC(C)=O)C2(C)CC1[N+]1(C)CCCCC1,0.67,0,1
CC(C)(C)/N=C(/O)C1CN(Cc2cccnc2)CCN1CC(O)CC(Cc1ccccc1)/C(O)=N/C1c2ccccc2CC1O,0.2,1,1
CC(C)c1nc(CN(C)/C(O)=N/C(/C(O)=N/C(Cc2ccccc2)CC(O)C(Cc2ccccc2)/N=C(\O)OCc2cncs2)C(C)C)cs1,0.0479452055,1,1
C=CC[N+]1(C2CC3C4CCC5CC(OC(C)=O)C(N6CCCCC6)CC5(C)C4CCC3(C)C2OC(=O)CC)CCCCC1,0.08056,1,1
CCC1OC(=O)C(C)C(OC2CC(C)(OC)C(O)C(C)O2)C(C)C(OC2OC(C)CC(N(C)C)C2O)C(C)(O)CC(C)C(=O)C(C)C(O)C1(C)O,0.05,1,1
CC(C)(C)/N=C(\O)C1CC2CCCCC2CN1CC(O)C(Cc1ccccc1)/N=C(\O)C(CC(=N)O)NC(=O)c1ccc2ccccc2n1,0.5128205128,0,1
CO/C(O)=N\C(/C(O)=N/C(Cc1ccccc1)C(O)CN(Cc1ccc(-c2ccccn2)cc1)/N=C(\O)C(/N=C(\O)OC)C(C)(C)C)C(C)(C)C,0.07,1,1
CCC1OC(=O)C(C)C(OC2CC(C)(OC)C(O)C(C)O2)C(C)C(OC2OC(C)CC(N(C)C)C2O)C(C)(OC)CC(C)C(=O)C(C)C(O)C1(C)O,0.53,0,1
CC(=O)OC12COC1CC(O)C1(C)C(=O)C(O)C3=C(C)C(OC(=O)C(O)C(/N=C(/O)OC(C)(C)C)c4ccccc4)CC(O)(C(OC(=O)c4ccccc4)C21)C3(C)C,0.05,1,1
CCC1OC(=O)C(C)C(=O)C(C)C(OC2OC(C)CC(N(C)C)C2O)C(C)(OC)CC(C)C(=O)C(C)C2N(CCCCn3cnc(-c4cccnc4)c3)C(=O)OC12C,0.2276209236,1,1
C=CCC1/C=C(/C)CC(C)CC(OC)C2OC(O)(C(=O)C(=O)N3CCCCC3C(=O)OC(/C(C)=C/C3CCC(O)C(OC)C3)C(C)C(O)CC1=O)C(C)CC2OC,0.0243405913,1,1
CCC1=CC2CN(C1)Cc1c([nH]c3ccccc13)C(C(=O)OC)(c1cc3c(cc1OC)N(C)C1C(O)(C(=O)OC)C(OC(C)=O)C4(CC)C=CCN5CCC31C54)C2,0.11,1,1
CCC1(O)CC2CN(CCc3c([nH]c4ccccc34)C(C(=O)OC)(c3cc4c(cc3OC)N(C=O)C3C(O)(C(=O)OC)C(OC(C)=O)C5(CC)C=CCN6CCC43C65)C2)C1,0.15,1,1
CCC1(O)CC2CN(CCc3c([nH]c4ccccc34)C(C(=O)OC)(c3cc4c(cc3OC)N(C)C3C(O)(C(=O)OC)C(OC(C)=O)C5(CC)C=CCN6CCC43C65)C2)C1,0.005,1,1
CC(=O)OC1C(=O)C2(C)C(O)CC3OCC3(OC(C)=O)C2C(OC(=O)c2ccccc2)C2(O)CC(OC(=O)C(O)C(/N=C(\O)c3ccccc3)c3ccccc3)C(C)=C1C2(C)C,0.05,1,1
CC1/C=C\C=C/C=C\C=C/C=C\C=C/C=C\C(OC2OC(C)C(O)C(N)C2O)CC2OC(O)(CC(O)CC(O)C(O)CCC(O)CC(O)CC(=O)OC(C)C(C)C1O)CC(O)C2C(=O)O,0.035,1,1
COC1CC2CCC(C)C(O)(O2)C(=O)C(=O)N2CCCCC2C(=O)OC(C(C)CC2CCC(O)C(OC)C2)CC(=O)C(C)/C=C(/C)C(O)C(OC)C(=O)C(C)CC(C)/C=C\C=C/C=C\1C,0.0858895706,1,1
