smiles,value
FC(F)OC(Cl)C(F)(F)F,0.087
FC(F)OC(F)C(F)(F)F,0.219
CN(C)C(=N)NC(=N)N,0.95
Oc1ncnc2n[nH]cc12,1
Sc1ncnc2[nH]cnc12,1
N=c1cc[nH]cc1,0.1396970625
C/C(O)=N/CCCS(=O)(=O)O,0.893217141
CS(=O)(=O)OCCCCOS(C)(=O)=O,0.8185743139
O=C(O)c1ccccc1O,0.63
Cn1c(=O)c2nc[nH]c2n(C)c1=O,1
NS(=O)(=O)c1cc2c(cc1Cl)NCNS2(=O)=O,0.3934334625
O=P(O)(O)C(Sc1ccc(Cl)cc1)P(=O)(O)O,0.1717828308
N=c1[nH]c2ccc(OC(F)(F)F)cc2s1,0.0116459876
O=C1N=C(O)CN1/N=C/c1ccc([N+](=O)[O-])o1,1
N=C(N)N/N=C/c1c(Cl)cccc1Cl,0.0315029314
NS(=O)(=O)Cc1noc2ccccc12,0.43
C/C(O)=N/c1ccc(O)cc1,0.832
Cc1ncc(-c2csc(NC(=N)N)n2)[nH]1,0.631
N=c1nc(O)n(C2CSC(CO)O2)cc1F,0.9842911461
N=c1ccn(C2CSC(CO)O2)c(O)n1,1
N=c1nc(O)c2ncn(COCCO)c2[nH]1,0.3945202677
N=c1ncn(C2CC(O)C(CO)O2)c(O)n1,1
CCC(C(=N)O)N1CCCC1=O,1
CCCC(CCC)C(=O)O,0.4096826162
OCCN1CC(O)C(O)C(O)C1CO,0.1753677923
N=c1nnc(-c2cccc(Cl)c2Cl)c(N)[nH]1,0.1721312568
O=S(=O)(NC(CO)C(C(F)(F)F)C(F)(F)F)c1ccc(Cl)s1,0.0661743452
CC(=O)Oc1ccccc1C(=O)O,0.4834380646
Clc1cccc(Cl)c1NC1=NCCN1,0.4606351901
N=C(N)/N=C(\O)Cc1c(Cl)cccc1Cl,0.0351814429
N=c1nc(O)c2ncn(COC(CO)CO)c2[nH]1,1
CC(Cn1cnc2c(N)ncnc21)OCP(=O)(O)O,0.9568893527
N=c1[nH]c(N2CCCCC2)cc(N)[n+]1[O-],1
CC(CS)C(=O)N1CCCC1C(=O)O,0.0946805255
NCC1(CC(=O)O)CCCCC1,0.8456838329
CN(C)c1nc(N(C)C)nc(N(C)C)n1,0.1134372671
N=C(O)c1cn(Cc2c(F)cccc2F)nn1,0.6446273311
NCC(CC(=O)O)c1ccc(Cl)cc1,0.5847777231
CCOc1ccc(/N=C(\C)O)cc1,0.8976997048
CCC/N=C(/O)NS(=O)(=O)c1ccc(Cl)cc1,0.68775
Cc1cn(C2CC(N=[N+]=[N-])C(CO)O2)c(=O)nc1O,0.4529826652
Cc1cn(C2CC(O)C(CO)O2)c(=O)nc1O,1
CNC(C)Cc1ccccc1,0.05
NC(CO)/C(O)=N\NCc1ccc(O)c(O)c1O,0.0149168933
C/N=C(\NC#N)NCCSCc1[nH]cnc1C,0.9403452676
NC12CC3CC(CC(C3)C1)C2,0.3066396268
CCCNC1CCc2[nH]c(=N)sc2C1,0.5681574252
Cc1cc(=O)n(-c2ccccc2)n1C,0.542837342
CC1CNCCc2ccc(Cl)cc21,0.0319139151
CCC(C(=N)O)(C(=N)O)c1ccccc1,0.7094509649
CCC1C(=O)OCC1Cc1cncn1C,1
CNC(C)(C)Cc1ccccc1,0.4107925124
Cc1cccc(C)c1OCC(C)N,0.1160762207
CCCC(C)C1(CC)C(O)=NC(=S)N=C1O,0.16
CCC1(CCC(C)C)C(O)=NC(=O)N=C1O,0.49
Nc1ncnc2c1ncn2Cc1c(F)cccc1Cl,0.2270545472
Cc1oncc1C(=O)Nc1ccc(C(F)(F)F)cc1,0.0448552975
C/C(O)=C(\C#N)C(=O)Nc1ccc(C(F)(F)F)cc1,0.065928158
Cc1ccc(=O)n(-c2ccccc2)c1,0.6674455966
NS(=O)(=O)c1cc(C(=O)O)c(NCc2ccco2)cc1Cl,0.2755179545
CCC1(c2ccccc2)C(O)=NCN=C1O,0.851
C=C1C(CO)C(O)CC1n1cnc2c(O)nc(=N)[nH]c21,1
CN1C(=O)N=C(O)C(C)(C2=CCCCC2)C1=O,0.417
CN(C)C(=O)Oc1cccc([N+](C)(C)C)c1,1
CC(C)NCC(O)c1ccc(NS(C)(=O)=O)cc1,0.9784230835
CC12CC3CC(C)(C1)CC(N)(C3)C2,0.070605777
CC1(C)OC2COC3(COS(N)(=O)=O)OC(C)(C)OC3C2O1,0.7105356417
CCCC(C)(COC(=N)O)CO/C(O)=N/C(C)C,0.335
Nc1cccc2c1C(=O)N(C1CCC(O)=NC1=O)C2=O,0.4574817614
OC(Cn1cncn1)(Cn1cncn1)c1ccc(F)cc1F,1
c1cnc2cc3c(cc2n1)C1CNCC3C1,0.6322851263
N=c1c2c([nH]c3ccccc13)CCCC2,0.1246998204
CC(=O)N(c1onc(C)c1C)S(=O)(=O)c1ccc(N)cc1,0.7541020758
Cc1cccc(C(C)c2cnc[nH]2)c1C,0.0533245767
CC1(c2nc3cccc(C(=N)O)c3[nH]2)CCCN1,0.4657912747
C#CCN(C)C(C)Cc1ccccc1,0.064333333
CC(NC(C)(C)C)C(=O)c1cccc(Cl)c1,0.1846705313
CC(C)(C)NCC(O)c1ccc(O)c(CO)c1,0.4998222656
CN/C(=C\[N+](=O)[O-])NCCSCc1ccc(CN(C)C)o1,1
O=C(O)c1ccc2nc(-c3cc(Cl)cc(Cl)c3)oc2c1,0.0191498016
OC1=Nc2ccc(Cl)cc2C(C#CC2CC2)(C(F)(F)F)O1,0.0030299253
O=C1CCCC(=O)C1C(=O)c1ccc(C(F)(F)F)cc1[N+](=O)[O-],0.6570316722
O=C(O)Cc1ccccc1Nc1c(Cl)cccc1Cl,0.0462862966
NS(=O)(=O)c1cc(C2(O)N=C(O)c3ccccc32)ccc1Cl,0.2221756794
Cc1ccc(C(=O)c2cc(O)c(O)c([N+](=O)[O-])c2)cc1,0.0061840147
Cc1cnc(/N=C(\O)C2=C(O)c3ccccc3S(=O)(=O)N2C)s1,0.1738052327
Clc1ccccc1CN1CCc2sccc2C1,0.0017119625
COc1ccc2cc(C(C)C(=O)O)ccc2c1,0.3949671106
Cc1nnc(SCC2=C(C(=O)O)N3C(=O)C(/N=C(/O)Cn4cnnn4)C3SC2)s1,1
CCN(CC)C(=O)/C(C#N)=C/c1cc(O)c(O)c([N+](=O)[O-])c1,0.0402233415
CCOC(=O)c1cncn1C(C)c1ccccc1,0.157189323
N=c1nc2c(ncn2C2C=CC(CO)C2)c(NC2CC2)[nH]1,0.832
CC(C)(C)C(O)/C=C/c1ccc2c(c1)OCO2,0.0235141092
C=CCC1(C(C)C#CCC)C(=O)N(C)C(=O)N=C1O,0.331
COc1cc(Cc2c[nH]c(=N)[nH]c2=N)cc(OC)c1OC,1
COC(=O)C(c1ccccc1)C1CCCCN1,0.195
CC(C)NCC(O)COc1cccc2[nH]ccc12,0.1908393897
O/N=C(\O)CCCCCC/C(O)=N\c1ccccc1,0.712396379
CNS(=O)(=O)Cc1ccc2[nH]cc(CCN(C)C)c2c1,0.8362344772
CCN(CC)C/C(O)=N/c1c(C)cccc1C,0.4955424915
CCN(C)C(=O)Oc1cccc(C(C)N(C)C)c1,0.3755
CCN(CC)CC/N=C(/O)c1cc(Cl)c(N)cc1OC,0.8174302831
CC(C)NCC(O)COc1ccc(CC(=N)O)cc1,1
OC1=Nc2ccc(Cl)cc2C(c2ccccc2)=NC1O,0.037
N=C(O)N1c2ccccc2C=Cc2ccccc21,0.1394518231
OC1=NC(c2ccccc2)(c2ccccc2)C(O)=N1,0.1109923785
Nc1c(CC(=O)O)cccc1C(=O)c1ccc(Br)cc1,0.0777346629
Cc1ccnc2c1N=C(O)c1cccnc1N2C1CC1,0.5948460245
CC(C(=O)O)c1cccc(Oc2ccccc2)c1,0.2454756313
CCOC(=O)c1ncn2c1CN(C)C(=O)c1cc(F)ccc1-2,0.69648322
COc1ccc2cccc(CC/N=C(/C)O)c2c1,0.0746989975
CCn1cc(C(=O)O)c(=O)c2cc(F)c(N3CCNCC3)nc21,1
COC12C(COC(=N)O)C3=C(C(=O)C(C)=C(N)C3=O)N1CC1NC12,1
CN(C)CCc1c[nH]c2ccc(Cn3cncn3)cc12,1
CC/C(O)=N/CC1CC1c1cccc2c1CCO2,0.2897298932
CCOC(=O)C1(c2ccccc2)CCN(C)CC1,0.054
COCCCC/C(=N\OCCN)c1ccc(C(F)(F)F)cc1,0.0191806348
CCN(CC)C(=O)C1(c2ccccc2)CC1CN,0.2484833934
C=CCc1ccccc1OCC(O)CNC(C)C,0.073625632
C=CCOc1ccccc1OCC(O)CNC(C)C,0.2716711904
COCCc1ccc(OCC(O)CNC(C)C)cc1,0.3689775428
CCC(CC)C(/N=C(/C)O)C1C(NC(=N)N)CC(C(=O)O)C1O,0.6217000711
CN1C(=O)CN=C(c2ccccc2F)c2cc([N+](=O)[O-])ccc21,0.219
CN1C(=O)CN=C(c2ccccc2)c2cc(Cl)ccc21,0.0535018723
CC(c1ncncc1F)C(O)(Cn1cncn1)c1ccc(F)cc1F,0.2927237339
CC(C(=O)O)c1cccc(C(=O)c2ccccc2)c1,0.5839219735
CC(C)c1ccc2oc3nc(N)c(C(=O)O)cc3c(=O)c2c1,0.066543153
N=C1NCC2c3ccccc3Cc3ccccc3N12,0.603
NC(CC(=O)N1CCn2c(nnc2C(F)(F)F)C1)Cc1cc(F)c(F)cc1F,0.3835304387
Cc1cc(Cn2nnc3c(-c4ccco4)[nH]c(=N)nc32)ccc1N,0.0506458147
CN1Cc2c(N)cccc2C(c2ccccc2)C1,0.002
CCO/C(O)=N/c1ccc(NCc2ccc(F)cc2)cc1N,0.1186809825
CCn1cc(C(=O)O)c(=O)c2cc(F)c(N3CCNCC3)cc21,0.1201777547
CN(C)CCC(c1ccc(Cl)cc1)c1ccccn1,0.1146603479
CC1(C)SC2C(/N=C(\O)C(N)c3ccc(O)cc3)C(=O)N2C1C(=O)O,0.560154375
CN(C)CCC(c1ccccc1)c1ccccn1,0.5914558685
CC1CCN(C(=O)CC#N)CC1N(C)c1ncnc2[nH]ccc12,0.4488722418
CC(C)NCC(O)COc1cccc2ccccc12,0.0221905729
CN(C)CCc1c[nH]c2ccc(CC3COC(O)=N3)cc12,1
CCCCCNC(=N)N/N=C/c1c[nH]c2ccc(OC)cc12,0.0014460872
CCCN(CCC)CCc1cccc2c1CC(O)=N2,0.862286133
COc1cccc(C2(O)CCCCC2CN(C)C)c1,0.5561647681
CN(C)CC(c1ccc(O)cc1)C1(O)CCCCC1,0.3217977115
CCOC(=O)C1=CC(OC(CC)CC)C(/N=C(\C)O)C(N)C1,0.2744206458
Cc1nnc2n1-c1ccc(Cl)cc1C(c1ccccc1)=NC2,0.16
O=C(O)CSc1nnc(Br)n1-c1ccc(C2CC2)c2ccccc12,0.0493397038
Cc1ccc(-c2cc(C(F)(F)F)nn2-c2ccc(S(N)(=O)=O)cc2)cc1,0.0036173201
O=C(N=c1c(Cl)c[nH]cc1Cl)c1ccc(OC(F)F)c(OCC2CC2)c1,0.0250261416
CS(=O)(=O)c1ccc(C2=C(c3ccccc3)C(=O)OC2)cc1,0.2668152544
Cn1nnc(-c2ccc(-c3ccc(N4CC(CO)OC4=O)cc3F)cn2)n1,0.1666509586
CN1CC2c3ccccc3Oc3ccc(Cl)cc3C2C1,0.0056677823
OC(c1cc(C(F)(F)F)nc2c(C(F)(F)F)cccc12)C1CCCCN1,0.0015060142
Clc1ccc2c(c1)C(N1CCNCC1)=Nc1ccccc1O2,0.01
CNC1CCC(c2ccc(Cl)c(Cl)c2)c2ccccc21,0.000911633
NC1CCN(c2c(F)cc3c(=O)c(C(=O)O)cn(C4CC4)c3c2Cl)C1,0.264
CN1CCN(C(=O)OC2c3nccnc3C(=O)N2c2ccc(Cl)cn2)CC1,0.2690235518
CNCCC(Oc1ccc(C(F)(F)F)cc1)c1ccccc1,0.0053342461
N#CCC(C1CCCC1)n1cc(-c2nc[nH]c3nccc2-3)cn1,0.0932952238
O=C(O)c1cn(C2CC2)c2cc(N3CCNCC3)c(F)cc2c1=O,0.3820078934
COC(=O)C1=C(C)NC(C)=C(C(=O)OC)C1c1ccccc1[N+](=O)[O-],0.0254560493
CN(C)CCCN1c2ccccc2Sc2ccc(Cl)cc21,0.0026602348
CN1CCN2c3ncccc3Cc3ccccc3C2C1,0.065
NCCNc1ccc(NCCN)c2c1C(=O)c1ccncc1C2=O,0.0134338309
CN1CCC23c4c5ccc(O)c4OC2C(O)C=CC3C1C5,0.7105
COc1ccc2nc([S+]([O-])Cc3ncc(C)c(OC)c3C)[nH]c2c1,0.2793174541
CN1CCC23c4c5ccc(O)c4OC2C(=O)CCC3(O)C1C5,0.75
CC(CN1c2ccccc2Sc2ccccc21)N(C)C,0.0093332877
CN(C)CCCN1c2ccccc2Sc2ccccc21,0.0077968272
Cc1cc2c(s1)Nc1ccccc1N=C2N1CCN(C)CC1,0.034
CN1C2CCC1CC(OC(=O)c1c[nH]c3ccccc13)C2,0.05425
COc1c(C)c2c(c(O)c1C/C=C(\C)CCC(=O)O)C(=O)OC2,0.77266646
CN(C)CCOC(c1ccccc1)c1ccccc1,0.0752023282
COc1ccc2c3c1OC1CC(O)C=CC31CCN(C)C2,0.5658426776
CCc1cccc2c3c([nH]c12)C(CC)(CC(=O)O)OCC3,0.1338776172
CN1C2CC(OC(=O)C(CO)c3ccccc3)CC1C1OC12,0.7967210838
CN(C)CCOC(C)(c1ccccc1)c1ccccn1,0.5764995626
CNS(=O)(=O)CCc1ccc2[nH]cc(C3CCN(C)CC3)c2c1,0.229
COc1ccc(C(CN(C)C)C2(O)CCCCC2)cc1,0.205
CC(C)(C)NCC(O)COc1cccc2c1CC(O)C(O)C2,0.5390244466
CCN1CCCC1C/N=C(\O)c1cc(S(=O)(=O)CC)c(N)cc1OC,0.5481538177
Cc1ncc2n1-c1ccc(Cl)cc1C(c1ccccc1F)=NC2,0.0295512608
O=C(O)c1cc(/N=N/c2ccc(S(=O)(=O)Nc3ccccn3)cc2)ccc1O,0.0596016131
CN(C)CC/C=C1/c2ccccc2Sc2ccc(Cl)cc21,0.0019869054
CN1CCN(C2=Nc3ccccc3Oc3ccc(Cl)cc32)CC1,0.0107028443
Cc1nccn1CC1CCc2c(c3ccccc3n2C)C1=O,0.1585888767
CN1CCN(C2=Nc3cc(Cl)ccc3Nc3ccccc32)CC1,0.012807874
CN(CCOc1ccc(CC2SC(=O)N=C2O)cc1)c1ccccn1,0.0426376432
CCOC(=O)C1=C(C)NC(C)=C(C(=O)OC)C1c1cccc(Cl)c1Cl,0.0008624706
CN1CCN2c3ccccc3Cc3ccccc3C2C1,0.0136471752
CC1COc2c(N3CCN(C)CC3)c(F)cc3c(=O)c(C(=O)O)cn1c23,0.1965498529
Cn1c(=O)cc(N2CCCC(N)C2)n(Cc2ccccc2C#N)c1=O,0.406527626
COc1ccc2c3c1OC1C(=O)CCC4C(C2)N(C)CCC314,0.465
COc1ccc2c3c1OC1C(O)C=CC4C(C2)N(C)CCC341,0.62
COc1ccc2c3c1OC1C(=O)CCC4(O)C(C2)N(C)CCC314,0.66
CNCCCN1c2ccccc2CCc2ccccc21,0.0130521172
COc1ccc2c3c1OC1C(O)CCC4C(C2)N(C)CCC341,0.141
COc1ccc2c(c1)C13CCCCC1C(C2)N(C)CC3,0.0622155322
N#CC1CC2CC2N1C(=O)C(N)C12CC3CC(CC(O)(C3)C1)C2,0.5328887661
COCCCN1CCC(/N=C(\O)c2cc(Cl)c(N)c3c2OCC3)CC1,0.3796734558
CCCCN1CCCCC1/C(O)=N/c1c(C)cccc1C,0.2055
CCC/C(O)=N/c1ccc(OCC(O)CNC(C)C)c(C(C)=O)c1,0.4094407346
CC(C)NCC(O)COc1ccc(COCCOC(C)C)cc1,0.3801483274
CS(=O)(=O)c1ccc(/C(O)=N/c2ccc(Cl)c(-c3ccccn3)c2)c(Cl)c1,0.0338442296
COc1ccc2c(c1)c(CC(=O)O)c(C)n2C(=O)c1ccc(Cl)cc1,0.0481250041
CC(=O)CC(c1ccccc1)c1c(O)c2ccccc2oc1=O,0.2441242933
O=C(NCC1CN(c2ccc(N3CCOCC3=O)cc2)C(=O)O1)c1ccc(Cl)s1,0.2702776474
Clc1ccc2c(c1)CCc1cccnc1C2=C1CCNCC1,0.0080241589
Fc1ccc(C2CCNCC2COc2ccc3c(c2)OCO3)cc1,0.0043404065
CCc1ccc(CCOc2ccc(CC3SC(=O)N=C3O)cc2)nc1,0.0125595435
CNCCCC1c2ccccc2C=Cc2ccccc21,0.0062146037
CNCCC=C1c2ccccc2CCc2ccccc21,0.0062803972
CN(C)CC/C=C1/c2ccccc2COc2ccccc21,0.0215513083
Cc1ccc(-c2nc3ccc(C)cn3c2CC(=O)N(C)C)cc1,0.15
CN1CCN(CC(=O)N2c3ccccc3C(O)=Nc3cccnc32)CC1,1
NC1CCCCN(c2c(F)cc3c(=O)c(C(=O)O)cn(C4CC4)c3c2Cl)C1,0.3231116939
C=CCN1CCC23c4c5ccc(O)c4OC2C(=O)CCC3(O)C1C5,0.4487042428
COc1cc2nc(N3CCN(C(=O)c4ccco4)CC3)[nH]c(=N)c2cc1OC,0.1626490765
Cc1ccc(/C(=C\CN2CCCC2)c2ccccn2)cc1,0.1958699272
O=c1n(CCCN2CCN(c3cccc(Cl)c3)CC2)nc2ccccn12,0.0739129922
CC1CN(c2c(F)c(N)c3c(=O)c(C(=O)O)cn(C4CC4)c3c2F)CC(C)N1,0.4973136187
C[N+]1(C)C2CC(OC(=O)C(O)(c3cccs3)c3cccs3)CC1C1OC12,0.3138420137
COc1c(N2CCNC(C)C2)c(F)cc2c(=O)c(C(=O)O)cn(C3CC3)c12,0.8414080542
CN(C)CCCN1c2ccccc2CCc2ccc(Cl)cc21,0.004013463
CCOc1ccccc1OC(c1ccccc1)C1CNCCO1,0.05
CN(C)CCCN1c2ccccc2CCc2ccccc21,0.0164774254
CC(CCc1ccccc1)NCC(O)c1ccc(O)c(C(=N)O)c1,0.0749770039
CCCN(CCc1cccs1)C1CCc2c(O)cccc2C1,0.0260821911
Cc1cc2ncc(/C(O)=N/CC(C)(C)NCC(=O)N3CCCC3C#N)cn2n1,1
CCCN1CC(CSC)CC2c3cccc4[nH]cc(c34)CC21,0.027
COc1cc2c(cc1OC)C1CC(=O)C(CC(C)C)CN1CC2,0.0581046662
CC(C)C1CCC(/C(O)=N/C(Cc2ccccc2)C(=O)O)CC1,0.0834261849
CC(/N=C(\O)C(O)C(C)C)/C(O)=N/C1C(=O)N(C)CCc2ccccc21,1
CN(CCOc1ccc(NS(C)(=O)=O)cc1)CCc1ccc(NS(C)(=O)=O)cc1,0.3964170542
CC12CCC(=O)C=C1CCC1C2CCC2(C)C(O)CCC12,0.0926538469
C[N+]1(C)CCC(OC(=O)C(O)(c2ccccc2)C2CCCC2)C1,0.2073889998
OC(CCN1CCCC1)(c1ccccc1)C1CCCCC1,0.0559783684
CCCC(NC(C)C(=O)N1C(C(=O)O)CC2CCCCC21)C(=O)OCC,0.8370554768
CCCCCCCCc1ccc(CCC(N)(CO)CO)cc1,0
O=C1OC2(c3ccc(O)cc3Oc3cc(O)ccc32)c2ccccc21,0.42
NC1C2CN(c3nc4c(cc3F)c(=O)c(C(=O)O)cn4-c3ccc(F)cc3F)CC12,0.2402977936
CSc1ccc(/C=C2/C(C)=C(CC(=O)O)c3cc(F)ccc32)cc1,0.0037038266
N=C(O)C(CCC(F)(F)F)N(Cc1ccc(-c2ncon2)cc1F)S(=O)(=O)c1ccc(Cl)cc1,0.0054367062
COc1ccc2cc3[n+](cc2c1OC)CCc1cc2c(cc1-3)OCO2,0.1471914602
COC(=O)N(C)c1c(N)nc(-c2nn(Cc3ccccc3F)c3ncccc23)[nH]c1=N,0.1380537319
CC1CCOC2Cn3cc(/C(O)=N/Cc4ccc(F)cc4F)c(=O)c(O)c3C(=O)N12,0.0939161709
CO/N=C(\N)c1ccc(-c2ccc(-c3ccc(/C(N)=N/OC)cc3)o2)cc1,0.003148476
COC1(/N=C(\O)C(C(=O)O)c2ccc(O)cc2)C(=O)N2C(C(=O)O)=C(CSc3nnnn3C)COC21,0.7916391931
CN(C)CCC=C1c2ccccc2C=Cc2ccccc21,0.0110968696
CN(C)CCCC1(c2ccc(F)cc2)OCc2cc(C#N)ccc21,0.0508196569
Cc1nnc(C(=O)NC(C)(C)c2nc(/C(O)=N\Cc3ccc(F)cc3)c(O)c(=O)n2C)o1,0.2112432934
c1ccc2c(c1)Sc1ccccc1N2CC1CN2CCC1CC2,0.0038823108
CN(Cc1cnc2nc(=N)[nH]c(N)c2n1)c1ccc(C(=O)NC(CCC(=O)O)C(=O)O)cc1,0.3203214333
CNCCCC12CCC(c3ccccc31)c1ccccc12,0.0042017031
CN(C)CCC=C1c2ccccc2CCc2ccccc21,0.0084934445
O=C1CCC2(O)C3Cc4ccc(O)c5c4C2(CCN3CC2CC2)C1O5,0.6049794311
C=CC1CN2CCC1CC2C(O)c1ccnc2ccc(OC)cc12,0.0689373648
COC(=O)C1=C(C)NC(C)=C(C(=O)OCC(C)C)C1c1ccccc1[N+](=O)[O-],0.0027312758
CCOC(Cc1ccc(OCCc2ccc(OS(C)(=O)=O)cc2)cc1)C(=O)O,0.4737759901
Cc1ccsc1C(=CCCN1CCCC(C(=O)O)C1)c1sccc1C,0.0560594865
CCOC(=O)C1=C(COCCN)NC(C)=C(C(=O)OC)C1c1ccccc1Cl,0.0425055326
CC(CN(C)C)CN1c2ccccc2CCc2ccccc21,0.0091867403
CC(CC(c1ccccc1)c1ccccc1)NC(C)(C)C,0.05375
CC1=C(/C=C/C(C)=C/C=C/C(C)=C/C(=O)O)C(C)(C)CCC1,0.0002635782
CCCCOc1cc(/C(O)=N\CCN(CC)CC)c2ccccc2n1,0.0180184348
CC(C)(C)NCC(O)COc1ccc(N/C(O)=N/C2CCCCC2)cc1,0.1921583769
CCCCCC(O)/C=C/C1C(O)CC(=O)C1CCCCCCC(=O)O,0.5915123602
CNC(=O)c1cc(Oc2ccc(N/C(O)=N/c3ccc(Cl)c(C(F)(F)F)c3)c(F)c2)ccn1,0.0003139117
O=C(O)c1ccc(-n2nc(-c3ccccc3O)nc2-c2ccccc2O)cc1,0.0265050244
C/N=C(/O)c1ccc(N2C(=S)N(c3ccc(C#N)c(C(F)(F)F)c3)C(=O)C2(C)C)cc1F,0.0471257992
CNC(=O)c1cc(Oc2ccc(N/C(O)=N/c3ccc(Cl)c(C(F)(F)F)c3)cc2)ccn1,0.0002999566
COc1ccc2c(c1)c(CC(=O)OCC(=O)O)c(C)n2C(=O)c1ccc(Cl)cc1,0.0421964683
CC(Oc1ccc(S(C)(=O)=O)cc1C(=O)N1CCN(c2ncc(C(F)(F)F)cc2F)CC1)C(F)(F)F,0.0092580551
CN1CCC(c2c(O)cc(O)c3c(=O)cc(-c4ccccc4Cl)oc23)C(O)C1,0.0569132279
OC1=Nc2cc(Cl)c(CCN3CCN(c4nsc5ccccc45)CC3)cc2C1,0.0143458887
O=C(c1ccc(F)c(F)c1Nc1ccc(I)cc1F)N1CC(O)(C2CCCCN2)C1,0.0012
CC(Oc1cc(-c2cnn(C3CCNCC3)c2)cnc1N)c1c(Cl)ccc(F)c1Cl,0.0034455278
O=C(CCCN1CCC(O)(c2ccc(Br)cc2)CC1)c1ccc(F)cc1,0.009
O=C(CCCN1CCC(O)(c2ccc(Cl)cc2)CC1)c1ccc(F)cc1,0.0202234927
Cc1ccc(Nc2nccc(N(C)c3ccc4c(C)n(C)nc4c3)n2)cc1S(N)(=O)=O,0.0108801673
N=c1[nH]c(CC(=O)Nc2ccc(CCNCC(O)c3ccccc3)cc2)cs1,0.1745350322
COc1c(N2CC3CCCNC3C2)c(F)cc2c(=O)c(C(=O)O)cn(C3CC3)c12,0.5427305657
OCCOCCN1CCN(C2=Nc3ccccc3Sc3ccccc32)CC1,0.025
O=C(O)CCCN1CCC(OC(c2ccc(Cl)cc2)c2ccccn2)CC1,0.2452798277
O=C(O)COCCN1CCN(C(c2ccccc2)c2ccc(Cl)cc2)CC1,0.1254727256
CCOc1ccc(Cc2cc(C3OC(CO)C(O)C(O)C3O)ccc2Cl)cc1,0.041582745
CN1CCCC1CCOC(C)(c1ccccc1)c1ccc(Cl)cc1,0.0060153621
CN1CCCCC1CCN1c2ccccc2Sc2ccc([S+](C)[O-])cc21,0.025
CSc1ccc2c(c1)N(CCC1CCCCN1C)c1ccccc1S2,0.0007694588
OCCN1CCN(CCCN2c3ccccc3Sc3ccc(Cl)cc32)CC1,0.0016050243
COC(=O)C1C(O)CCC2CN3CCc4c([nH]c5ccccc45)C3CC21,0.1286159714
COCCOC(=O)C1=C(C)NC(C)=C(C(=O)OC(C)C)C1c1cccc([N+](=O)[O-])c1,0.0081722409
CC(C)(C)N1CCC(c2ccccc2)(c2ccccc2)CC1,0.018
CCC(=O)C(CC(C)N(C)C)(c1ccccc1)c1ccccc1,0.029
OCCOCCN1CCN(C(c2ccccc2)c2ccc(Cl)cc2)CC1,0.011366667
CCC(CO)/N=C(\O)C1C=C2c3cccc4c3c(cn4C)CC2N(C)C1,0.1639591941
CCCNCC(O)COc1ccccc1C(=O)CCc1ccccc1,0.0184874445
CC12C=CC(=O)C=C1CCC1C2C(O)CC2(C)C1CCC2(O)C(=O)CO,0.3865373575
OC(CCN1CCCCC1)(c1ccccc1)C1CC2C=CC1C2,0.0394451936
CC(C)N(CCC(C(=N)O)(c1ccccc1)c1ccccn1)C(C)C,0.4908185525
CC(=O)C1CCC2C3CCC4=CC(=O)CCC4(C)C3CCC12C,0.046
CC12CCC(=O)C=C1CCC1C2C(O)CC2(C)C1CCC2(O)C(=O)CO,0.3884038193
O=C1CC2(CCCC2)CC(=O)N1CCCCN1CCN(c2ncccn2)CC1,0.3010915221
NCCCCC(NC(CCc1ccccc1)C(=O)O)C(=O)N1CCCC1C(=O)O,1
CCC(=O)N(c1ccccc1)C1(COC)CCN(CCn2nnn(CC)c2=O)CC1,0.324
CCCCCCCCCCCCCCCCOP(=O)([O-])OCC[N+](C)(C)C,0.083
Clc1ccccc1C(c1ccccc1)(c1ccccc1)n1ccnc1,0.0021876701
c1ccc(-c2ccc(C(c3ccccc3)n3ccnc3)cc2)cc1,0.0007294317
Cc1cc(/C=C/C#N)cc(C)c1/N=c1\ccnc(Nc2ccc(C#N)cc2)[nH]1,0.0012627621
O=C1C(O)=C(C2CCC(c3ccc(Cl)cc3)CC2)C(=O)c2ccccc21,5.38900793546768E-05
CN1CC(=O)N2C(Cc3c([nH]c4ccccc34)C2c2ccc3c(c2)OCO3)C1=O,0.0356793936
Cc1c(/C(O)=N/N2CCCCC2)nn(-c2ccc(Cl)cc2Cl)c1-c1ccc(Cl)cc1,0.00052755
CC(NCCCc1cccc(C(F)(F)F)c1)c1cccc2ccccc12,0.000199943
CCCCc1nc(Cl)c(CO)n1Cc1ccc(-c2ccccc2-c2nn[nH]n2)cc1,0.0849850315
COC(c1ccccc1)(c1ccccc1)C(Oc1nc(C)cc(C)n1)C(=O)O,0.3845137601
CCOC(=O)N1CCC(=C2c3ccc(Cl)cc3CCc3cccnc32)CC1,0.0043133763
COc1ccc2c(c1OC)C(=O)OC2C1c2c(cc3c(c2OC)OCO3)CCN1C,0.1238943329
CN1CCCC(n2nc(Cc3ccc(Cl)cc3)c3ccccc3c2=O)CC1,0.012375
Cc1ccc(/C(=C\CN2CCCC2)c2cccc(/C=C/C(=O)O)n2)cc1,0.5384669752
COc1cc2c(Nc3ccc(Br)cc3F)ncnc2cc1OCC1CCN(C)CC1,0.0059062809
Oc1nc2ccccc2n1CCCN1CCC(n2c(O)nc3cc(Cl)ccc32)CC1,0.0173394895
COc1cc2ncnc(Nc3ccc(F)c(Cl)c3)c2cc1OCCCN1CCOCC1,0.191
CCOc1cc(C(CS(C)(=O)=O)N2C(=O)c3cccc(/N=C(/C)O)c3C2=O)ccc1OC,0.1700903998
CC1c2cccc(O)c2C(=O)C2=C(O)C3(O)C(=O)C(C(=N)O)=C(O)C(N(C)C)C3C(O)C21,0.1042282409
OC(CNCC(O)C1CCc2cc(F)ccc2O1)C1CCc2cc(F)ccc2O1,0.0014224369
CCO/C(O)=N\c1ccc2c(c1)N(C(=O)CCN1CCOCC1)c1ccccc1S2,0.0365874968
COc1cc2c(c(OC)c1OC)-c1ccc(OC)c(=O)cc1C(/N=C(\C)O)CC2,0.284114937
CN1CCCC1Cc1c[nH]c2ccc(CCS(=O)(=O)c3ccccc3)cc12,0.0771916113
Cc1nc(Nc2ncc(/C(O)=N/c3c(C)cccc3Cl)s2)cc(N2CCN(CCO)CC2)n1,0.0126534095
COc1ccc(C2Sc3ccccc3N(CCN(C)C)C(=O)C2OC(C)=O)cc1,0.1120135015
CC(C)N1CCC(N(C(=O)Cc2ccccc2)c2ccc(Cl)cc2)CC1,0.0452405078
CCN(CC)CC/N=C(\O)c1c(C)[nH]c(/C=C2\C(O)=Nc3ccc(F)cc32)c1C,0.0091729078
CCC(=O)N(c1ccccc1)C1CCN(CCc2ccccc2)CC1,0.071
CC(C)Nc1cccnc1N1CCN(C(=O)c2cc3cc(NS(C)(=O)=O)ccc3[nH]2)CC1,0.0237534419
CC(C)c1nc(N(C)S(C)(=O)=O)nc(-c2ccc(F)cc2)c1/C=C/C(O)CC(O)CC(=O)O,0.287973369
O=C1c2c(O)ccc(O)c2C(=O)c2c(NCCNCCO)ccc(NCCNCCO)c21,0.0006290584
CC1CC2C3CCC4=CC(=O)C=CC4(C)C3(F)C(O)CC2(C)C1(O)C(=O)CO,0.2378105803
CC(C)OC(=O)C(C)NP(=O)(OCC1OC(n2ccc(O)nc2=O)C(C)(F)C1O)Oc1ccccc1,1
CCC(=O)N(c1ccccc1)C1(COC)CCN(CCc2cccs2)CC1,0.034
CCCc1nn(C)c2c(=O)[nH]c(-c3cc(S(=O)(=O)N4CCN(C)CC4)ccc3OCC)nc12,0.0708807622
CC1CC2C(C(O)CC3(C)C2CCC3(O)C(=O)CO)C2(C)C=CC(=O)C=C12,0.1528004358
CCCS(=O)(=O)Nc1ccc(F)c(C(=O)c2c[nH]c3ncc(-c4ccc(Cl)cc4)cc23)c1F,0
CC(OC1OCCN(Cc2nc(O)n[nH]2)C1c1ccc(F)cc1)c1cc(C(F)(F)F)cc(C(F)(F)F)c1,0.001375
Cc1ccc(-n2nccn2)c(C(=O)N2CCN(c3nc4cc(Cl)ccc4o3)CCC2C)c1,0.0084888617
CCC1(O)C(=O)OCc2c1cc1n(c2=O)Cc2cc3c(CN(C)C)c(O)ccc3nc2-1,0.4494707414
C#CCC(Cc1cnc2nc(=N)[nH]c(N)c2n1)c1ccc(C(=O)NC(CCC(=O)O)C(=O)O)cc1,1
COc1cc2nc(N3CCN(C(=O)C4COc5ccccc5O4)CC3)[nH]c(=N)c2cc1OC,0.0230406911
O=C(CCCN1CCC2(CC1)C(O)=NCN2c1ccccc1)c1ccc(F)cc1,0.0278327313
COc1ccc(C/N=c2/[nH]c(N3CCCC3CO)ncc2/C(O)=N/Cc2ncccn2)cc1Cl,0.0259055018
OC1=Nc2cc(OCCCCN3CCN(c4cccc(Cl)c4Cl)CC3)ccc2CC1,0.0015128489
Cc1nc2n(c(=O)c1CCN1CCC(c3noc4cc(F)ccc34)CC1)CCCC2,0.1195305153
Cc1nc2n(c(=O)c1CCN1CCC(c3noc4cc(F)ccc34)CC1)CCCC2O,0.176221523
OCC1OC(c2ccc(Cl)c(Cc3ccc(OC4CCOC4)cc3)c2)C(O)C(O)C1O,0.1279849072
CN(C)c1ccc(O)c2c1CC1CC3C(N(C)C)C(O)=C(C(=N)O)C(=O)C3(O)C(O)=C1C2=O,0.457
COc1ccc(Cl)cc1/C(O)=N\CCc1ccc(S(=O)(=O)N/C(O)=N/C2CCCCC2)cc1,0.0539420719
COc1cc(N)c(Cl)cc1/C(O)=N/C1CCN(CCCOc2ccc(F)cc2)CC1OC,0.0348276398
CCCc1nc(C)c2c(=O)nc(-c3cc(S(=O)(=O)N4CCN(CC)CC4)ccc3OCC)[nH]n12,0.0616969242
CC1CNc2c(cccc2S(=O)(=O)NC(CCCNC(=N)N)C(=O)N2CCC(C)CC2C(=O)O)C1,0.1351843518
CCC(C)C(=O)OC1CC(O)C=C2C=CC(C)C(CCC(O)CC(O)CC(=O)O)C21,0.6028628014
OCCOc1ccc(/C(=C(/CCCl)c2ccccc2)c2ccccc2)cc1,0
CN(C)C/C=C\C(O)=N\c1cc2c(Nc3ccc(F)c(Cl)c3)ncnc2cc1OC1CCOC1,0.0072934474
CCCc1nc(C(C)(C)O)c(C(=O)O)n1Cc1ccc(-c2ccccc2-c2nn[nH]n2)cc1,0.2913180257
CC(C)n1c(/C=C/C(O)CC(O)CC(=O)O)c(-c2ccc(F)cc2)c2ccccc21,0.0198778198
COc1ccccc1OCCNCC(O)COc1cccc2[nH]c3ccccc3c12,0.0057528182
CC(C)(C)c1cc(C(C)(C)C)c(/N=C(\O)c2c[nH]c3ccccc3c2=O)cc1O,0
CCc1cc2c(cc1CC)CC(NCC(O)c1ccc(O)c3nc(O)ccc13)C2,0.0052515572
CC(=O)c1c(C)c2cnc(Nc3ccc(N4CCNCC4)cn3)nc2n(C2CCCC2)c1=O,0.020732863
COc1cc2c(cc1OC)C(=O)C(CC1CCN(Cc3ccccc3)CC1)C2,0.1194685703
CCCCC(=O)N(Cc1ccc(-c2ccccc2-c2nn[nH]n2)cc1)C(C(=O)O)C(C)C,0.2224848861
CCN1CC(CCN2CCOCC2)C(c2ccccc2)(c2ccccc2)C1=O,0.3246627304
CN1CCc2nc(C(=O)NC3CC(C(=O)N(C)C)CCC3NC(=O)C(=O)Nc3ccc(Cl)cn3)sc2C1,0.3261969156
COC(=O)C1CC2=CC(=O)CCC2(C)C23OC2CC2(C)C(CCC24CCC(=O)O4)C13,0.4520790418
COc1ccccc1OCC(O)CN1CCN(C/C(O)=N/c2c(C)cccc2C)CC1,0.3193705167
OCc1cc(C(O)CNCCCCCCOCCOCc2c(Cl)cccc2Cl)ccc1O,0.0213560051
CCC(C)C(=O)OC1CC(C)C=C2C=CC(C)C(CCC3CC(O)CC(=O)O3)C21,0.0075942511
OCCN(CCO)c1nc(N2CCCCC2)c2nc(N(CCO)CCO)nc(N3CCCCC3)c2n1,0.0248786974
CCOc1nc2cccc(C(=O)O)c2n1Cc1ccc(-c2ccccc2-c2nc(=O)o[nH]2)cc1,0.0899555509
CC1=NN(c2ccc(C)c(C)c2)C(=O)/C1=N\Nc1cccc(-c2cccc(C(=O)O)c2)c1O,0
O=C(O)CC1CCC(c2ccc(-c3ccc(Nc4ccc(C(F)(F)F)nc4)cn3)cc2)CC1,0.0085312778
C=CC(=O)N1CCCC(n2nc(-c3ccc(Oc4ccccc4)cc3)c3c(N)ncnc32)C1,0.0044899547
O=C(O)CC(O)CC(O)/C=C/c1c(C2CC2)nc2ccccc2c1-c1ccc(F)cc1,0.0488274198
Cn1c(CNc2ccc(C(=N)N)cc2)nc2cc(C(=O)N(CCC(=O)O)c3ccccn3)ccc21,0.1937408967
COc1ccc(-n2nc(C(=N)O)c3c2C(=O)N(c2ccc(N4CCCCC4=O)cc2)CC3)cc1,0.3187344245
CC1(COc2ccc(N3CCC(Oc4ccc(OC(F)(F)F)cc4)CC3)cc2)Cn2cc([N+](=O)[O-])nc2O1,0
CCN1CCN(/C(O)=N/C(/C(O)=N/C2C(=O)N3C(C(=O)O)=C(CSc4nnnn4C)CSC23)c2ccc(O)cc2)C(=O)C1=O,1
CCCCC1=NC2(CCCC2)C(=O)N1Cc1ccc(-c2ccccc2-c2nn[nH]n2)cc1,0.099768845
CC#CCn1c(N2CCCC(N)C2)nc2c1c(=O)n(Cc1nc(C)c3ccccc3n1)c(=O)n2C,0.1248067152
CCCCc1oc2ccccc2c1C(=O)c1cc(I)c(OCCN(CC)CC)c(I)c1,0
CCC(=O)OC1(C(=O)SCF)C(C)CC2C3CC(F)C4=CC(=O)C=CC4(C)C3(F)C(O)CC21C,0.0050995239
CCc1nn(CCCN2CCN(c3cccc(Cl)c3)CC2)c(=O)n1CCOc1ccccc1,0.0060628643
CC(Cc1cc2c(c(C(=N)O)c1)N(CCCO)CC2)NCCOc1ccccc1OCC(F)(F)F,0.1238642019
CCCC1OC2CC3C4CCC5=CC(=O)C=CC5(C)C4C(O)CC3(C)C2(C(=O)CO)O1,0.039946293
CC(C)CN(CC(O)C(Cc1ccccc1)/N=C(\O)OC1CCOC1)S(=O)(=O)c1ccc(N)cc1,0.2040075646
CCC(C)(C)C(=O)OC1CC(C)C=C2C=CC(C)C(CCC3CC(O)CC(=O)O3)C21,0.001142273
CC1OC(OC2C(CO)OC(OC3C(CO)OC(O)C(O)C3O)C(O)C2O)C(O)C(O)C1NC1C=C(CO)C(O)C(O)C1O,0.5133369971
C/C(O)=N\c1cccc(-n2c(=O)n(C3CC3)c(=O)c3c(Nc4ccc(I)cc4F)n(C)c(=O)c(C)c32)c1,0.015284431
Cc1ccccc1C(=O)Nc1ccc(C(=O)N2CCCC(O)c3cc(Cl)ccc32)c(C)c1,0.0167287723
CN(C)CCOc1ccc(/C(=C(/CCCl)c2ccccc2)c2ccccc2)cc1,0
CC(=O)N1CCN(c2ccc(OCC3COC(Cn4ccnc4)(c4ccc(Cl)cc4Cl)O3)cc2)CC1,0.0163418293
CC/C(=C(\c1ccccc1)c1ccc(OCCN(C)C)cc1)c1ccccc1,0.0001737399
COc1cc(/N=c2\c(C#N)c[nH]c3cc(OCCCN4CCN(C)CC4)c(OC)cc23)c(Cl)cc1Cl,0.0069134388
COC(=O)C1=C(C)NC(C)=C(C(=O)OCCN(C)Cc2ccccc2)C1c1cccc([N+](=O)[O-])c1,0.0034182057
COCc1c(C(C)C)nc(C(C)C)c(/C=C/C(O)CC(O)CC(=O)O)c1-c1ccc(F)cc1,0.048
COC12CCC3(CC1C(C)(C)O)C1Cc4ccc(O)c5c4C3(CCN1CC1CC1)C2O5,0.309
COCCOC(=O)C1=C(C)NC(C)=C(C(=O)OC/C=C/c2ccccc2)C1c1cccc([N+](=O)[O-])c1,0.0002079638
COc1cccc2c1C(=O)c1c(O)c3c(c(O)c1C2=O)CC(O)(C(C)=O)CC3OC1CC(N)C(O)C(C)O1,0.0055630955
COc1cccc2c1C(=O)c1c(O)c3c(c(O)c1C2=O)CC(O)(C(=O)CO)CC3OC1CC(N)C(O)C(C)O1,0.0037380873
COc1cc2c(cc1OC)CC(=O)N(CCCN(C)CC1Cc3cc(OC)c(OC)cc31)CC2,0.286128849
CC(C)CN(CC(O)C(Cc1ccccc1)/N=C(\O)OC1COC2OCCC12)S(=O)(=O)c1ccc(N)cc1,0.0903371333
COc1ccc(CCN(C)CCCC(C#N)(c2ccc(OC)c(OC)c2)C(C)C)cc1OC,0.0485020228
C/C(=C\c1csc(C)n1)C1CC2OC2(C)CCCC(C)C(O)C(C)C(=O)C(C)(C)C(O)C/C(O)=N\1,0.1500000881
Cc1cn(-c2cc(/N=C(\O)c3ccc(C)c(Nc4nccc(-c5cccnc5)n4)c3)cc(C(F)(F)F)c2)cn1,0.0013856453
COc1cc2nccc(Oc3ccc(NC(=O)C4(C(=O)Nc5ccc(F)cc5)CC4)cc3)c2cc1OC,0.0027019185
COc1ccc(CCN2CCC(/N=c3/[nH]c4ccccc4n3Cc3ccc(F)cc3)CC2)cc1,0.0035313797
Oc1ccc2c(c1)CCC(c1ccccc1)C2c1ccc(OCCN2CCCC2)cc1,0.0011461855
C=C/C(O)=N\c1cc(Nc2nccc(-c3cn(C)c4ccccc34)n2)c(OC)cc1N(C)CCN(C)C,0.0005444811
O=C1C2C3CCC(C3)C2C(=O)N1CC1CCCCC1CN1CCN(c2nsc3ccccc23)CC1,0.0057449558
Cc1cc(Nc2ncc(Cl)/c(=N/c3ccccc3S(=O)(=O)C(C)C)[nH]2)c(OC(C)C)cc1C1CCNCC1,0.0001653657
CS(=O)(=O)CCNCc1ccc(-c2ccc3ncnc(Nc4ccc(OCc5cccc(F)c5)c(Cl)c4)c3c2)o1,0
Cc1ccc(C(=O)Nc2ccc(CN3CCN(C)CC3)c(C(F)(F)F)c2)cc1C#Cc1cnc2cccnn12,0.0004016781
Cc1ccc(NC(=O)c2ccc(CN3CCN(C)CC3)cc2)cc1Nc1nccc(-c2cccnc2)n1,0.0369898952
Cc1cc(OCCCS(C)(=O)=O)cc(C)c1-c1cccc(COc2ccc3c(c2)OCC3CC(=O)O)c1,0.0152359082
COc1cc(C2c3cc4c(cc3C(OC3OC5COC(C)OC5C(O)C3O)C3COC(=O)C23)OCO4)cc(OC)c1O,0.5386024132
CN(C)C(=O)C(CCN1CCC(O)(c2ccc(Cl)cc2)CC1)(c1ccccc1)c1ccccc1,0.0069081674
CCO/C(O)=N/C1CCC2C(C1)CC1C(=O)OC(C)C1C2/C=C/c1ccc(-c2cccc(F)c2)cn1,0.0011414703
OC(c1ccccc1)(c1ccccc1)C12CC[N+](CCOCc3ccccc3)(CC1)CC2,0.0136611422
COCC(=O)OC1(CCN(C)CCCc2nc3ccccc3[nH]2)CCc2cc(F)ccc2C1C(C)C,0.0022539755
CN(C)c1cc(/N=C(\O)CNC(C)(C)C)c(O)c2c1CC1CC3C(N(C)C)C(O)=C(C(=N)O)C(=O)C3(O)C(O)=C1C2=O,0.1592142734
COC(=O)CC(O)(CCCC(C)(C)O)C(=O)OC1C(OC)=CC23CCCN2CCc2cc4c(cc2C13)OCO4,0.5709439045
CCC1CN2CCc3cc(OC)c(OC)cc3C2CC1CC1NCCc2cc(OC)c(OC)cc21,0.0802123471
Cc1nnc(C(C)C)n1C1CC2CCC(C1)N2CCC(/N=C(/O)C1CCC(F)(F)CC1)c1ccccc1,0.245817074
CC(C)c1cc(C(C)C)c(C/C(O)=N/S(=O)(=O)Oc2c(C(C)C)cccc2C(C)C)c(C(C)C)c1,7.1036213968042E-05
CCCCCCCCCCCC(CC1OC(=O)C1CCCCCC)OC(=O)C(CC(C)C)/N=C/O,0
CC(=O)OC1(C(C)=O)CCC2C3CCC4=CC(=O)CCC4=C3C(c3ccc(N(C)C)cc3)CC21C,0.0121363136
COCCCOc1cc(CC(CC(N)C(O)CC(/C(O)=N\CC(C)(C)C(=N)O)C(C)C)C(C)C)ccc1OC,0.1069471114
CCCCc1oc2ccc(NS(C)(=O)=O)cc2c1C(=O)c1ccc(OCCCN(CCCC)CCCC)cc1,4.90895778965078E-05
Cc1nc2c([nH]1)-c1ccccc1N(C(=O)c1ccc(NC(=O)c3ccccc3-c3ccccc3)cc1)CC2,0.0067182378
COc1cc(C2c3cc4c(cc3C(OC3OC5COC(c6cccs6)OC5C(O)C3O)C3COC(=O)C23)OCO4)cc(OC)c1O,0.0529968299
CC(C)(C(=O)O)c1ccc(C(O)CCCN2CCC(C(O)(c3ccccc3)c3ccccc3)CC2)cc1,0.2694179583
CC(C)CC1C(=O)N2CCCC2C2(O)OC(/N=C(\O)C3C=C4c5cccc6[nH]c(Br)c(c56)CC4N(C)C3)(C(C)C)C(=O)N12,0.002442938
CC(C)(C)c1ccc(C(O)CCCN2CCC(C(O)(c3ccccc3)c3ccccc3)CC2)cc1,0.0010003535
Cc1c(O)cccc1/C(O)=N\C(CSc1ccccc1)C(O)CN1CC2CCCCC2CC1/C(O)=N\C(C)(C)C,0.000992819
CCCc1nc2c(C)cc(-c3nc4ccccc4n3C)cc2n1Cc1ccc(-c2ccccc2C(=O)O)cc1,0.012875
CC(C)c1c(/C(O)=N/c2ccccc2)c(-c2ccccc2)c(-c2ccc(F)cc2)n1CCC(O)CC(O)CC(=O)O,0.0298292783
CCc1c2c(nc3ccc(OC(=O)N4CCC(N5CCCCC5)CC4)cc13)-c1cc3c(c(=O)n1C2)COC(=O)C3(O)CC,0.2073066217
COC(=O)C1C2CC3c4[nH]c5cc(OC)ccc5c4CCN3CC2CC(OC(=O)c2cc(OC)c(OC)c(OC)c2)C1OC,0.0136504245
COc1cccc(C2OC(CC(=O)N3CCC(CC(=O)O)CC3)C(=O)N(CC(C)(C)COC(C)=O)c3ccc(Cl)cc32)c1OC,0.3775176018
CC(C)(O)c1ccccc1CCC(SCC1(CC(=O)O)CC1)c1cccc(/C=C/c2ccc3ccc(Cl)cc3n2)c1,0
CCC(C)n1ncn(-c2ccc(N3CCN(c4ccc(OCC5COC(Cn6cncn6)(c6ccc(Cl)cc6Cl)O5)cc4)CC3)cc2)c1=O,0.0004927823
CC(C)(C)/N=C(/O)C1CN(Cc2cccnc2)CCN1CC(O)CC(Cc1ccccc1)/C(O)=N/C1c2ccccc2CC1O,0.2320328248
CCCC(/N=C(/O)C1C2CCCC2CN1C(=O)C(/N=C(\O)C(/N=C(\O)c1cnccn1)C1CCCCC1)C(C)(C)C)C(=O)C(=O)NC1CC1,0.1043087579
CCC(C(C)O)n1ncn(-c2ccc(N3CCN(c4ccc(OCC5COC(Cn6cncn6)(c6ccc(F)cc6F)C5)cc4)CC3)cc2)c1=O,0.0105550611
CC(C)c1nc(CN(C)/C(O)=N/C(/C(O)=N/C(Cc2ccccc2)CC(O)C(Cc2ccccc2)/N=C(\O)OCc2cncs2)C(C)C)cs1,0.0155779208
CCC1OC(=O)C(C)C(OC2CC(C)(OC)C(O)C(C)O2)C(C)C(OC2OC(C)CC(N(C)C)C2O)C(C)(O)CC(C)C(=O)C(C)C(O)C1(C)O,0.3848921229
CC(C)(C)/N=C(\O)C1CC2CCCCC2CN1CC(O)C(Cc1ccccc1)/N=C(\O)C(CC(=N)O)NC(=O)c1ccc2ccccc2n1,0.0064782741
CCC1OC(=O)C(C)C(OC2CC(C)(OC)C(O)C(C)O2)C(C)C(OC2OC(C)CC(N(C)C)C2O)C(C)(OC)CC(C)C(=O)C(C)C(O)C1(C)O,0.1129063551
CCC1OC(=O)C(C)C(OC2CC(C)(OC)C(O)C(C)O2)C(C)C(OC2OC(C)CC(N(C)C)C2O)C(C)(O)CC(C)CN(C)C(C)C(O)C1(C)O,0.2465586922
O/C(=N\C1CCN(CCCCC2(/C(O)=N/CC(F)(F)F)c3ccccc3-c3ccccc32)CC1)c1ccccc1-c1ccc(C(F)(F)F)cc1,0.0006866562
CO/C(O)=N/C(C(=O)N1CCCC1c1ncc(-c2ccc(-c3ccc(-c4cnc(C5CCCN5C(=O)C(/N=C(\O)OC)C(C)C)[nH]4)cc3)cc2)[nH]1)C(C)C,0.0204451045
COc1ccc2c(OC3CC4/C(O)=N\C5(C(=O)O)CC5/C=C\CCCCCC(/N=C(/O)OC5CCCC5)C(=O)N4C3)cc(-c3cs/c(=N\C(C)C)[nH]3)nc2c1,0.0818691467
CC(C)c1nc(CN(C)/C(O)=N\C(CCN2CCOCC2)/C(O)=N\C(CCC(Cc2ccccc2)/N=C(\O)OCc2cncs2)Cc2ccccc2)cs1,0.0168955076
CC1OC(OC2C(O)CC(OC3C(O)CC(OC4CCC5(C)C(CCC6C5CCC5(C)C(C7=CC(=O)OC7)CCC65O)C4)OC3C)OC2C)CC(O)C1O,0.0805712852
CC1OC(OC2C(O)CC(OC3C(O)CC(OC4CCC5(C)C(CCC6C5CC(O)C5(C)C(C7=CC(=O)OC7)CCC65O)C4)OC3C)OC2C)CC(O)C1O,0.2638998874
COC1/C=C\OC2(C)Oc3c(C)c(O)c4c(O)c(c5c(nc6cc(C)ccn65)c4c3C2=O)/N=C(O)\C(C)=C/C=C\C(C)C(O)C(C)C(O)C(C)C(OC(C)=O)C1C,0.0362128448
CC(=O)OC12COC1CC(O)C1(C)C(=O)C(O)C3=C(C)C(OC(=O)C(O)C(/N=C(/O)OC(C)(C)C)c4ccccc4)CC(O)(C(OC(=O)c4ccccc4)C21)C3(C)C,0.0149887134
COC1/C=C\OC2(C)Oc3c(C)c(O)c4c(O)c(c(/C=N/N5CCN(C)CC5)c(O)c4c3C2=O)/N=C(O)\C(C)=C/C=C\C(C)C(O)C(C)C(O)C(C)C(OC(C)=O)C1C,0.0825082059
C=CCC1/C=C(/C)CC(C)CC(OC)C2OC(O)(C(=O)C(=O)N3CCCCC3C(=O)OC(/C(C)=C/C3CCC(O)C(OC)C3)C(C)C(O)CC1=O)C(C)CC2OC,0.0012792578
CCC1(O)CC2CN(CCc3c([nH]c4ccccc34)C(C(=O)OC)(c3cc4c(cc3OC)N(C=O)C3C(O)(C(=O)OC)C(OC(C)=O)C5(CC)C=CCN6CCC43C65)C2)C1,0.0386026747
CCC1(O)CC2CN(CCc3c([nH]c4ccccc34)C(C(=O)OC)(c3cc4c(cc3OC)N(C)C3C(O)(C(=O)OC)C(OC(C)=O)C5(CC)C=CCN6CCC43C65)C2)C1,0.0270797126
CC(=O)OC1C(=O)C2(C)C(O)CC3OCC3(OC(C)=O)C2C(OC(=O)c2ccccc2)C2(O)CC(OC(=O)C(O)C(/N=C(\O)c3ccccc3)c3ccccc3)C(C)=C1C2(C)C,0.0109732734
CO/C(O)=N/C(C(=O)N1CCCC1C(=O)Nc1ccc(C2CCC(c3ccc(NC(=O)C4CCCN4C(=O)C(/N=C(\O)OC)C(C)C)cc3)N2c2ccc(C(C)(C)C)cc2)cc1)C(C)C,0
COC1CC2CCC(C)C(O)(O2)C(=O)C(=O)N2CCCCC2C(=O)OC(C(C)CC2CCC(O)C(OC)C2)CC(=O)C(C)/C=C(/C)C(O)C(OC)C(=O)C(C)CC(C)/C=C\C=C/C=C\1C,0.0026979391
COC1CC2CCC(C)C(O)(O2)C(=O)C(=O)N2CCCCC2C(=O)OC(C(C)CC2CCC(OCCO)C(OC)C2)CC(=O)C(C)/C=C(/C)C(O)C(OC)C(=O)C(C)CC(C)/C=C\C=C/C=C\1C,0.002600323
COC1CC2CCC(C)C(O)(O2)C(=O)C(=O)N2CCCCC2C(=O)OC(C(C)CC2CCC(OC(=O)C(C)(CO)CO)C(OC)C2)CC(=O)C(C)/C=C(/C)C(O)C(OC)C(=O)C(C)CC(C)/C=C\C=C/C=C\1C,0.0029134982
Cc1c2oc3c(C)ccc(/C(O)=N\C4/C(O)=N\C(C(C)C)C(=O)N5CCCC5C(=O)N(C)CC(=O)N(C)C(C(C)C)C(=O)OC4C)c3nc-2c(/C(O)=N/C2/C(O)=N\C(C(C)C)C(=O)N3CCCC3C(=O)N(C)CC(=O)N(C)C(C(C)C)C(=O)OC2C)c(N)c1=O,0.0296853302
C/C=C/CC(C)C(O)C1/C(O)=N\C(CC)C(=O)N(C)CC(=O)N(C)C(CC(C)C)/C(O)=N\C(C(C)C)C(=O)N(C)C(CC(C)C)/C(O)=N\C(C)/C(O)=N\C(C)C(=O)N(C)C(CC(C)C)C(=O)N(C)C(CC(C)C)C(=O)N(C)C(C(C)C)C(=O)N1C,0.0005001867
C/C=C/CC(C)C(=O)C1/C(O)=N\C(C(C)C)C(=O)N(C)CC(=O)N(C)C(CC(C)C)/C(O)=N\C(C(C)C)C(=O)N(C)C(CC(C)C)/C(O)=N\C(C)/C(O)=N\C(C)C(=O)N(C)C(CC(C)C)C(=O)N(C)C(CC(C)C)C(=O)N(C)C(C(C)C)C(=O)N1C,0.0002056056
CCC(C)C1OC2(CCC1C)CC1CC(C/C=C(/C)C(OC3CC(OC)C(OC4CC(OC)C(O)C(C)O4)C(C)O3)C(C)/C=C\C=C3\COC4C(O)C(C)=CC(C(=O)O1)C34O)O2,0
COC(=O)c1ccccc1-c1c2ccc(=N)cc-2oc2cc(N)ccc12,0.0293912244
CCC(CO)/N=c1\nc2c(ncn2C(C)C)c(NCc2ccccc2)[nH]1,0.0919358178
CCc1cccc2cc(C(O)CNC(C)(C)C)oc12,0.0416864221
c1ccc2c(c1)Nc1ccccc1O2,0
C/C(O)=N\C(CC(C)C)/C(O)=N/C(CC(C)C)/C(O)=N/C(C=O)CCCNC(=N)N,1
CCC1=CC2CN3CCc4c([nH]c5ccccc45)C(C(=O)OC)(C2)C13,0.0468205428
CC12CCC(=O)C=C1CCC1C2C(O)CC2(C)C(C(=O)CO)CCC12,0.1756640709
CC12CCC(O)CC1CCC1C2CC(O)C2(C)C(C3=CC(=O)OC3)CCC12O,1
CCC12C=CCN3CCC4(c5ccc(OC)cc5N(C)C4C(O)(C(=O)OC)C1OC(C)=O)C32,0.0667043771
C/C(=C\c1csc(C)n1)C1CC2OC2CCCC(C)C(O)C(C)C(=O)C(C)(C)C(O)CC(=O)O1,0.1096632345
CC1OC(=O)C(C(C)C)/N=C(/O)C(C(C)C)OC(=O)C(C(C)C)/N=C(/O)C(C)OC(=O)C(C(C)C)/N=C(/O)C(C(C)C)OC(=O)C(C(C)C)/N=C(/O)C(C)OC(=O)C(C(C)C)/N=C(/O)C(C(C)C)OC(=O)C(C(C)C)/N=C\1O,0
Cc1ccc2nc(NCCN)c3ncc(C)n3c2c1,0.0228956784
CCC(=O)N1CCN(C(=O)c2ccccc2)CC1,1
CCc1cccc2c1N(C)Cc1cc3c(cc1-2)OCO3,0
C/N=c1\[nH]c(Nc2ccc(C(=O)N3CCOCC3)cc2OC)ncc1Cl,0.0997284494
CC(/C=C/C(O)=N/O)=C\C(C)C(=O)c1ccc(N(C)C)cc1,0.0586746745
CN(Cc1ccccc1)c1ccc2cc(C(=O)O)c(=O)oc2c1,0.0866454594
O=C(O)c1cc(C(F)(F)F)ccc1N1CCC(OCc2ccccn2)C1,0.6946860373
CCOc1cccc(/N=C(\O)c2ccc(N3CCCC3)c(C(F)(F)F)c2)c1,0.0010241829
Cc1cc(C(C)Nc2ccccc2)c2nc(N3CCOCC3)cc(=O)n2c1,0.0357364603
Cc1nc(C)c(-c2ccc(C3CCC(CC(=O)O)CC3)cc2)nc1C(=N)O,0.2738475643
OCCN(CCc1c[nH]c2ccccc12)Cc1ccc(/C=C/C(O)=N/O)cc1,0.1362408432
OC1(CN2CCC(COc3noc4cccc(OC5CCOC5)c34)CC2)CCOCC1,0.1407145465
COc1ccc2c(c1)CC(/C(O)=N\c1ccc(-c3cn[nH]c3)cc1OCCN(C)C)CO2,0.0268075149
c1ccc(-c2nn3c(c2-c2ccnc4cc(OCCN5CCOCC5)ccc24)CCC3)nc1,0.2192050649
NC(Cc1ccccc1F)C(=O)O,1
Oc1c(Br)cc(Cl)cc1Cc1cc(Cl)cc(Br)c1O,0
CCN1CCCC1C/N=C(\O)c1c(O)c(Cl)cc(Cl)c1O,0.1463198861
c1ccc(Nc2nc(-c3cn[nH]c3)cs2)nc1,0.014
c1ccc(/N=c2/[nH]c3c(s2)CCc2n[nH]cc2-3)nc1,0.0043
c1cnc(Nc2nc3c(s2)CCCc2n[nH]cc2-3)nc1,0.016
c1ccc(/N=c2/[nH]c3c(s2)CCCc2n[nH]cc2-3)nc1,0.0043
CN1CCc2nc(COc3ccccc3)sc2C1=O,0.18
OC1=NCCc2nc(OCc3cccc(F)c3)ccc21,0.02
COc1ccc(C)c2sc(NC(=O)c3ccncc3)nc12,0.009
COc1ccc(C#Cc2ccc(C(=O)N3CCCC(CO)C3)cc2)cc1,0.01
COc1ccc(C23c4ccccc4C(=O)N2CCN3C(=O)c2cc(F)c(F)c(F)c2)cc1C,0.006
CC(C)N1CCCC1C/N=C(\O)c1cn(C2CCCC2)c(=O)c2c1c1ccccc1n2C,0.015
O=C(O)c1cc2occc2[nH]1,1
Oc1cc2ccccc2nc1O,0.24
COCC1C2CNCC21c1ccc(Cl)c(Cl)c1,0.027
FC(F)(F)COCC1C2CNCC21c1ccc(Cl)c(Cl)c1,0.006
CCOCC1C2CNCC21c1ccc(Cl)c(Cl)c1,0.014
Cc1nsc(-c2nnc3n2CCN(C(=O)c2ccc(F)cc2)C3)n1,0.436
CC(=O)N1CCCn2nc(COc3ccccc3)cc21,0.51
CCN1CCCC1C/N=C(\O)c1c(O)c(Cl)cc(Cl)c1OC,0.129
S/C(=N\C1CCCCC1)N1CCC(c2cnc[nH]2)CC1,0.363
CC1c2nnc(-c3nc(C(F)(F)F)ns3)n2CCN1C(=O)c1ccc(F)cc1,0.109
Cc1nsc(-c2nnc3n2CCN(C(=O)c2ccc(F)cc2)C3C)n1,0.525
Cc1nsc(-c2nnc3n2CCN(C(=O)c2ccccc2)C3C)n1,0.604
CNCc1cc(F)c(Cl)cc1Oc1cccc(OC)c1C,0.004115
Clc1ccc(C23CNCC2C3COCC2CC2)cc1Cl,0.001
CC1(c2cc(NC(=O)c3ccc(Cl)cn3)ccc2F)NC(=N)COC1F,0.019
CC1(c2cc(NC(=O)c3ccc(Cl)cn3)ccc2F)COCC(=N)N1,0.031
CC(/N=C(\O)C/N=C(/O)c1cccc(Cl)c1)c1ccccc1,0.09
CC1(c2cccc(NC(=O)c3ccc(Cl)cn3)c2)COCC(=N)N1,0.029
Cc1nsc(-c2nnc3n2CCN(C(=O)c2ccc(F)cc2)C3CCO)n1,0.995
COc1cnc(/C(O)=N\c2ccc(F)c(C3(C)NC(=N)COC3F)c2)cn1,0.044
COc1cnc(/C(O)=N\c2ccc(F)c(C3(C)COCC(=N)N3)c2)cn1,0.101
O/C(=N\c1nc(C(F)(F)F)co1)C1c2ccccc2Oc2ccccc21,0.001
CC1(NC(=O)c2ccc(C#Cc3cccc(F)c3)cn2)COC1,0.016
O=C1c2cc(COc3ccccc3)nn2CCN1c1ccc(F)cn1,0.055
CC1CN(c2cccnc2F)C(=O)c2cc(COc3ccc(Cl)cn3)nn21,0.0435
CC1(c2cc(NC(=O)c3ccc(C#N)cn3)ccc2F)NC(=N)COC1F,0.039
Cc1cc(Cl)cnc1C(=O)Nc1ccc(F)c(C2(C)NC(=N)COC2F)c1,0.01
CC1(C)Cc2ccc(-c3cncnc3)cc2C2(COC(=N)N2)C1,0.1
COc1cccc(/C(O)=N\C/C(O)=N/C(C)c2ccccc2)c1,0.16
CN1C2=C3[NH+]=c4ccccc4=C3CCN2C(=O)c2ccccc21,0.355
CC1CN(c2cncc(C#N)c2)C(=O)c2cc(COc3ccc(Cl)cn3)nn21,0.033
O=C1c2cc(OCc3ccccc3)nn2CCN1c1ccc(F)cc1,0.065
Cc1ccc(OC2CCN(c3ncnc4ccc(F)cc34)CC2)cn1,0.03
CN1C(=N)NC2(CC(C)(C)Oc3ccc(-c4cncc(Cl)c4)cc32)C1=O,0.029240383
CN1C(=N)NC2(CC(C)(C)Cc3ccc(-c4cncnc4)cc32)C1=O,0.1460821687
CC(C)S(=O)(=O)NC1CCOCC1c1ccc(-c2ccc(C#N)s2)cc1,0.0228
CC(/N=C(\O)c1ccc(OCc2cccc(F)c2)nc1)C(C)(C)C,0.01
CC1CN(c2cc(F)cc(C#N)c2)C(=O)c2cc(COc3ccc(Cl)cn3)nn21,0.032
Cc1nsc(-c2nnc3n2CCN(C(=O)c2ccc(-c4cccs4)cc2)C3C)n1,0.031
CC(C)c1csc(/N=C(\O)C2c3ccccc3Oc3ccccc32)n1,0.001
CN1C(=N)NC2(CC(C)(C)Sc3ccc(-c4cc(F)cc(Cl)c4)cc32)C1=O,0.003
CN1C(=N)NC2(CC(C)(C)Oc3ccc(-c4cc(F)cc(Cl)c4)cc32)C1=O,0.004
CN1C(=N)NC2(C1=O)c1cc(-c3cccnc3F)ccc1OC1CCCOC12,0.037
CN1C(=N)NC2(C1=O)c1cc(-c3cccnc3F)ccc1OC1CCOCC12,0.09
CC12CCCOC1C1(COC(=N)N1)c1cc(-c3cccnc3F)ccc1O2,0.04
CN1C(=N)NC2(CC(C)(C)Cc3ccc(-c4cncc(Cl)c4)cc32)C1=O,0.012
CN1C(=N)NC2(CC(C)(C)Cc3ccc(-c4cccnc4F)cc32)C1=O,0.0247386338
CN1CCC2(C)c3cc(O/C(O)=N/c4ccccc4)ccc3N(C)C12,0.065
CCC(/C(O)=N/c1ccccc1N1CCCC1)c1ccccc1,0.003
O=C(N1CC2CN(c3ccccn3)CC2C1)N1CCC2(CCCC2)C1,0.051
Cn1cc2cc(-c3cc(F)c(CN4CCn5nccc5C4=O)c(F)c3)ccc2n1,0.098
Cc1nc(-c2nnc3n2CCN(C(=O)c2ccc(-c4cccs4)cc2)C3C)cs1,0.028
CC12CCCOC1C1(COC(=N)N1)c1cc(-c3cccc(C#N)c3)ccc1O2,0.0135
CN1C(=N)NC2(CC(C)(C)Cc3ccc(-c4cccc(C#N)c4)cc32)C1=O,0.0088317609
O=C(O)C1CN(C2CCC3(Cc4ccccc4Oc4ccccc43)C2)C1,0.04
c1cc(CN2CCCCC2)cc(OCCC/N=c2/[nH]c3ccccc3s2)c1,0.023
O=C(N1CC2CN(c3ccccn3)CC2C1)C12CC3CC(CC(C3)C1)C2,0.023
O=C(O)C1CN(C2CCC3(Cc4ccccc4Cc4ccccc43)C2)C1,0.032
O=C(O)C1=CCN(C2CCC3(Cc4ccccc4Oc4ccccc43)C2)CC1,0.027
CCCCOc1cncc(-c2nnc3c(C)nc4ccc(CN5CCOCC5)cc4n23)c1,0.14
O=C(O)C12CC1CN(C1CCC3(Cc4ccccc4Cc4ccccc43)C1)C2,0.023
O=C(O)C1=CCCN(C2CCC3(Cc4ccccc4Cc4ccccc43)C2)C1,0.03
O=C(O)C1(F)CCN(C2CCC3(Cc4ccccc4Cc4ccccc43)C2)CC1,0.02
O=C(O)C1CCN(C2CCC3(Cc4ccccc4Cc4ccccc43)C2)CC1,0.031
CCCCCCCCCCCCCCCCCCOCC(COP(=O)([O-])OCC[N+](C)(C)C)OC,0.014
