smiles,value
Sc1ncnc2[nH]cnc12,0.1420753241
N=c1cc[nH]cc1,0.525982362
C/C(O)=N/CCCS(=O)(=O)O,1
CS(=O)(=O)OCCCCOS(C)(=O)=O,1
Cn1c(=O)c2nc[nH]c2n(C)c1=O,0.6684870616
NS(=O)(=O)c1cc2c(cc1Cl)NCNS2(=O)=O,0.5087034602
O=P(O)(O)C(Sc1ccc(Cl)cc1)P(=O)(O)O,0.1265002981
N=c1[nH]c2ccc(OC(F)(F)F)cc2s1,0.0690734534
O=C1N=C(O)CN1/N=C/c1ccc([N+](=O)[O-])o1,0.4512877324
N=C(N)N/N=C/c1c(Cl)cccc1Cl,0.1714082858
Cn1c(=O)c2c(ncn2C)n(C)c1=O,0.305
N=c1nc(O)n(C2CSC(CO)O2)cc1F,1
N=c1ccn(C2CSC(CO)O2)c(O)n1,0.7134287972
N=c1nc(O)c2ncn(COCCO)c2[nH]1,0.8474807954
N=c1ncn(C2CC(O)C(CO)O2)c(O)n1,0.9999682057
CCC(C(=N)O)N1CCCC1=O,1
CCCC(CCC)C(=O)O,0.5589622847
OCCN1CC(O)C(O)C(O)C1CO,0.6563660684
N=c1nnc(-c2cccc(Cl)c2Cl)c(N)[nH]1,0.3855334275
O=S(=O)(NC(CO)C(C(F)(F)F)C(F)(F)F)c1ccc(Cl)s1,0.1296122084
CC(=O)Oc1ccccc1C(=O)O,0.6960790934
Clc1cccc(Cl)c1NC1=NCCN1,0.6235332336
N=C(N)/N=C(\O)Cc1c(Cl)cccc1Cl,0.3943019998
N=c1nc(O)c2ncn(COC(CO)CO)c2[nH]1,1
CC(Cn1cnc2c(N)ncnc21)OCP(=O)(O)O,0.8354349629
N=c1[nH]c(N2CCCCC2)cc(N)[n+]1[O-],0.5975407805
CC(CS)C(=O)N1CCCC1C(=O)O,0
NCC1(CC(=O)O)CCCCC1,1
CN(C)c1nc(N(C)C)nc(N(C)C)n1,0.1688126334
N=C(O)c1cn(Cc2c(F)cccc2F)nn1,0.8387888041
NCC(CC(=O)O)c1ccc(Cl)cc1,0.9252881567
CCOc1ccc(/N=C(\C)O)cc1,0.6927572361
Cc1cn(C2CC(N=[N+]=[N-])C(CO)O2)c(=O)nc1O,0.6844368898
Cc1cn(C2CC(O)C(CO)O2)c(=O)nc1O,1
NC(CO)/C(O)=N\NCc1ccc(O)c(O)c1O,0.3473869161
C/N=C(\NC#N)NCCSCc1[nH]cnc1C,0.8714283163
NC12CC3CC(CC(C3)C1)C2,0.8702824314
CCCNC1CCc2[nH]c(=N)sc2C1,0.8968159923
Cc1cc(=O)n(-c2ccccc2)n1C,0.8339746945
CC1CNCCc2ccc(Cl)cc21,0.2547781681
CCC(C(=N)O)(C(=N)O)c1ccccc1,0.9178052859
CCC1C(=O)OCC1Cc1cncn1C,0.7221940021
CNC(C)(C)Cc1ccccc1,0.8305924188
Cc1cccc(C)c1OCC(C)N,0.5145851206
Nc1ncnc2c1ncn2Cc1c(F)cccc1Cl,0.3658106751
Cc1oncc1C(=O)Nc1ccc(C(F)(F)F)cc1,0.0203373751
C/C(O)=C(\C#N)C(=O)Nc1ccc(C(F)(F)F)cc1,0.0206803669
Cc1ccc(=O)n(-c2ccccc2)c1,0.724780778
NS(=O)(=O)c1cc(C(=O)O)c(NCc2ccco2)cc1Cl,0.0215031202
C=C1C(CO)C(O)CC1n1cnc2c(O)nc(=N)[nH]c21,0.9648939858
CN(C)C(=O)Oc1cccc([N+](C)(C)C)c1,1
CC(C)NCC(O)c1ccc(NS(C)(=O)=O)cc1,0.9969724708
CC12CC3CC(C)(C1)CC(N)(C3)C2,0.5785496173
CC1(C)OC2COC3(COS(N)(=O)=O)OC(C)(C)OC3C2O1,0.8177209743
OC(Cn1cncn1)(Cn1cncn1)c1ccc(F)cc1F,0.9823531936
c1cnc2cc3c(cc2n1)C1CNCC3C1,0.8887994578
N=c1c2c([nH]c3ccccc13)CCCC2,0.2607546383
CC(=O)N(c1onc(C)c1C)S(=O)(=O)c1ccc(N)cc1,0.0801823657
Cc1cccc(C(C)c2cnc[nH]2)c1C,0.1500428496
CC1(c2nc3cccc(C(=N)O)c3[nH]2)CCCN1,0.6662173044
CC(NC(C)(C)C)C(=O)c1cccc(Cl)c1,0.2003184398
NC(Cc1ccc(N(CCCl)CCCl)cc1)C(=O)O,0.0693766913
CC(C)C(N)C(=O)OCCOCn1cnc2c(O)nc(=N)[nH]c21,1
CC(C)(C)NCC(O)c1ccc(O)c(CO)c1,0.8552765367
CN/C(=C\[N+](=O)[O-])NCCSCc1ccc(CN(C)C)o1,0.904720561
O=C(O)c1ccc2nc(-c3cc(Cl)cc(Cl)c3)oc2c1,0.0016847385
OC1=Nc2ccc(Cl)cc2C(C#CC2CC2)(C(F)(F)F)O1,0.0063873857
O=C1CCCC(=O)C1C(=O)c1ccc(C(F)(F)F)cc1[N+](=O)[O-],0.207773132
O=C(O)Cc1ccccc1Nc1c(Cl)cccc1Cl,0.0104313869
NS(=O)(=O)c1cc(C2(O)N=C(O)c3ccccc32)ccc1Cl,0.3948866824
Cc1ccc(C(=O)c2cc(O)c(O)c([N+](=O)[O-])c2)cc1,0.0045448721
Cc1cnc(/N=C(\O)C2=C(O)c3ccccc3S(=O)(=O)N2C)s1,0.0019413805
Clc1ccccc1CN1CCc2sccc2C1,0.0033683703
COc1ccc2cc(C(C)C(=O)O)ccc2c1,0.036394305
Cc1nnc(SCC2=C(C(=O)O)N3C(=O)C(/N=C(/O)Cn4cnnn4)C3SC2)s1,0.3859518597
CCN(CC)C(=O)/C(C#N)=C/c1cc(O)c(O)c([N+](=O)[O-])c1,0.0494822662
CC(C)(C)C(O)/C=C/c1ccc2c(c1)OCO2,0.0310251215
COc1cc(Cc2c[nH]c(=N)[nH]c2=N)cc(OC)c1OC,0.7078477514
O=C(O)CCCc1ccc(N(CCCl)CCCl)cc1,0.0015574614
CC(C)NCC(O)COc1cccc2[nH]ccc12,0.5390535364
CNS(=O)(=O)Cc1ccc2[nH]cc(CCN(C)C)c2c1,0.8622697617
CCN(CC)C/C(O)=N/c1c(C)cccc1C,0.4429288358
CCN(CC)CC/N=C(/O)c1cc(Cl)c(N)cc1OC,0.6767957404
CC(C)NCC(O)COc1ccc(CC(=N)O)cc1,1
N=C(O)N1c2ccccc2C=Cc2ccccc21,0.2853278671
OC1=NC(c2ccccc2)(c2ccccc2)C(O)=N1,0.2627018999
Nc1c(CC(=O)O)cccc1C(=O)c1ccc(Br)cc1,0.022461738
Cc1ccnc2c1N=C(O)c1cccnc1N2C1CC1,0.4482050033
CC(C(=O)O)c1cccc(Oc2ccccc2)c1,0.0277587922
Oc1cc(O)c2c(c1)OC(c1ccc(O)c(O)c1)C(O)C2,0.35
COc1ccc2cccc(CC/N=C(/C)O)c2c1,0.1509433109
CCn1cc(C(=O)O)c(=O)c2cc(F)c(N3CCNCC3)nc21,0.6245801182
COC12C(COC(=N)O)C3=C(C(=O)C(C)=C(N)C3=O)N1CC1NC12,0.7761379554
CN(C)CCc1c[nH]c2ccc(Cn3cncn3)cc12,0.8017639947
CC/C(O)=N/CC1CC1c1cccc2c1CCO2,0.2316633182
COCCCC/C(=N\OCCN)c1ccc(C(F)(F)F)cc1,0.1644766134
CCN(CC)C(=O)C1(c2ccccc2)CC1CN,0.8241732456
Cc1ccc(C)c(OCCCC(C)(C)C(=O)O)c1,0.0153
C=CCc1ccccc1OCC(O)CNC(C)C,0.3292816937
C=CCOc1ccccc1OCC(O)CNC(C)C,0.643003297
COCCc1ccc(OCC(O)CNC(C)C)cc1,0.8358804493
CCC(CC)C(/N=C(/C)O)C1C(NC(=N)N)CC(C(=O)O)C1O,1
CN1C(=O)CN=C(c2ccccc2)c2cc(Cl)ccc21,0.1090574462
CC(c1ncncc1F)C(O)(Cn1cncn1)c1ccc(F)cc1F,0.4008845129
CC(C(=O)O)c1cccc(C(=O)c2ccccc2)c1,0.05049453
CC(C)c1ccc2oc3nc(N)c(C(=O)O)cc3c(=O)c2c1,0.0242219503
NC(CC(=O)N1CCn2c(nnc2C(F)(F)F)C1)Cc1cc(F)c(F)cc1F,0.881636205
Cc1cc(Cn2nnc3c(-c4ccco4)[nH]c(=N)nc32)ccc1N,0.0640546585
CO/N=C(C(\O)=N\C1C(=O)N2C(C(=O)O)=C(COC(C)=O)CSC12)/c1csc(=N)[nH]1,0.8717876008
CCO/C(O)=N/c1ccc(NCc2ccc(F)cc2)cc1N,0.1878844421
CCn1cc(C(=O)O)c(=O)c2cc(F)c(N3CCNCC3)cc21,0.5530718736
CN(C)CCC(c1ccc(Cl)cc1)c1ccccn1,0.2537435737
CC1(C)SC2C(/N=C(\O)C(N)c3ccc(O)cc3)C(=O)N2C1C(=O)O,1
CN(C)CCC(c1ccccc1)c1ccccn1,0.7820127185
CC1CCN(C(=O)CC#N)CC1N(C)c1ncnc2[nH]ccc12,0.6066884373
CC(C)NCC(O)COc1cccc2ccccc12,0.2546617773
CN(C)CCc1c[nH]c2ccc(CC3COC(O)=N3)cc12,0.9417778694
CCCCCNC(=N)N/N=C/c1c[nH]c2ccc(OC)cc12,0.0153694268
CCCN(CCC)CCc1cccc2c1CC(O)=N2,0.5957824765
COc1cccc(C2(O)CCCCC2CN(C)C)c1,0.6803350619
CN(C)CC(c1ccc(O)cc1)C1(O)CCCCC1,0.778277973
O=C(O)CSc1nnc(Br)n1-c1ccc(C2CC2)c2ccccc12,0.0137600184
Cc1ccc(-c2cc(C(F)(F)F)nn2-c2ccc(S(N)(=O)=O)cc2)cc1,0.0054686702
O=C(N=c1c(Cl)c[nH]cc1Cl)c1ccc(OC(F)F)c(OCC2CC2)c1,0.0135175191
CS(=O)(=O)c1ccc(C2=C(c3ccccc3)C(=O)OC2)cc1,0.1555498195
Cn1nnc(-c2ccc(-c3ccc(N4CC(CO)OC4=O)cc3F)cn2)n1,0.0321056627
CN1CC2c3ccccc3Oc3ccc(Cl)cc3C2C1,0.0087068231
OC(c1cc(C(F)(F)F)nc2c(C(F)(F)F)cccc12)C1CCCCN1,0.0179550824
CNC1CCC(c2ccc(Cl)c(Cl)c2)c2ccccc21,0.0072894561
CNCCC(Oc1ccc(C(F)(F)F)cc1)c1ccccc1,0.0353932525
N#CCC(C1CCCC1)n1cc(-c2nc[nH]c3nccc2-3)cn1,0.1303905588
O=C(O)c1cn(C2CC2)c2cc(N3CCNCC3)c(F)cc2c1=O,0.6383789381
COC(=O)C1=C(C)NC(C)=C(C(=O)OC)C1c1ccccc1[N+](=O)[O-],0.0064041681
CN(C)CCCN1c2ccccc2Sc2ccc(Cl)cc21,0.0091069792
COc1ccc2nc([S+]([O-])Cc3ncc(C)c(OC)c3C)[nH]c2c1,0.0964690088
CC(CN1c2ccccc2Sc2ccccc21)N(C)C,0.0573457623
CN(C)CCCN1c2ccccc2Sc2ccccc21,0.0412037916
COc1c(C)c2c(c(O)c1C/C=C(\C)CCC(=O)O)C(=O)OC2,0.0214188476
CN(C)CCOC(c1ccccc1)c1ccccc1,0.1604874918
COc1ccc2c3c1OC1CC(O)C=CC31CCN(C)C2,0.6380473996
CCc1cccc2c3c([nH]c12)C(CC)(CC(=O)O)OCC3,0.0087561984
CN1C2CC(OC(=O)C(CO)c3ccccc3)CC1C1OC12,0.7512002357
CN(C)CCOC(C)(c1ccccc1)c1ccccn1,0.7858205188
CC(C)(C)NCC(O)COc1cccc2c1CC(O)C(O)C2,0.9072317493
CCN1CCCC1C/N=C(\O)c1cc(S(=O)(=O)CC)c(N)cc1OC,0.8599197791
Cc1ncc2n1-c1ccc(Cl)cc1C(c1ccccc1F)=NC2,0.0192818037
O=C(O)c1cc(/N=N/c2ccc(S(=O)(=O)Nc3ccccn3)cc2)ccc1O,0.0052616276
CN(C)CC/C=C1/c2ccccc2Sc2ccc(Cl)cc21,0.0024280233
CN1CCN(C2=Nc3ccccc3Oc3ccc(Cl)cc32)CC1,0.0230784361
Cc1nccn1CC1CCc2c(c3ccccc3n2C)C1=O,0.1820010403
CN1CCN(C2=Nc3cc(Cl)ccc3Nc3ccccc32)CC1,0.0549470114
CN(CCOc1ccc(CC2SC(=O)N=C2O)cc1)c1ccccn1,0.0080823564
CCOC(=O)C1=C(C)NC(C)=C(C(=O)OC)C1c1cccc(Cl)c1Cl,0.002071678
CN1CCN2c3ccccc3Cc3ccccc3C2C1,0.0292692478
CC1COc2c(N3CCN(C)CC3)c(F)cc3c(=O)c(C(=O)O)cn1c23,0.5877538925
Cn1c(=O)cc(N2CCCC(N)C2)n(Cc2ccccc2C#N)c1=O,0.8053769322
COCCCOc1ccnc(C[S+]([O-])c2nc3ccccc3[nH]2)c1C,0.032313508
CNCCCN1c2ccccc2CCc2ccccc21,0.1286316011
COc1ccc2c(c1)C13CCCCC1C(C2)N(C)CC3,0.2542152652
N#CC1CC2CC2N1C(=O)C(N)C12CC3CC(CC(O)(C3)C1)C2,0.8919665493
COCCCN1CCC(/N=C(\O)c2cc(Cl)c(N)c3c2OCC3)CC1,0.4588856508
CCC/C(O)=N/c1ccc(OCC(O)CNC(C)C)c(C(C)=O)c1,0.7858425513
CC(C)NCC(O)COc1ccc(COCCOC(C)C)cc1,0.7889704646
CS(=O)(=O)c1ccc(/C(O)=N/c2ccc(Cl)c(-c3ccccn3)c2)c(Cl)c1,0.0123439332
COc1ccc2c(c1)c(CC(=O)O)c(C)n2C(=O)c1ccc(Cl)cc1,0.0081049586
CC(=O)CC(c1ccccc1)c1c(O)c2ccccc2oc1=O,0.0168209408
O=C(NCC1CN(c2ccc(N3CCOCC3=O)cc2)C(=O)O1)c1ccc(Cl)s1,0.0196033502
Clc1ccc2c(c1)CCc1cccnc1C2=C1CCNCC1,0.1896894927
Fc1ccc(C2CCNCC2COc2ccc3c(c2)OCO3)cc1,0.044943535
CCc1ccc(CCOc2ccc(CC3SC(=O)N=C3O)cc2)nc1,0.0138269394
CNCCCC1c2ccccc2C=Cc2ccccc21,0.1069213979
CNCCC=C1c2ccccc2CCc2ccccc21,0.0778299448
CN(C)CC/C=C1/c2ccccc2COc2ccccc21,0.0659541937
CN1CCN(CC(=O)N2c3ccccc3C(O)=Nc3cccnc32)CC1,1
NC1CCCCN(c2c(F)cc3c(=O)c(C(=O)O)cn(C4CC4)c3c2Cl)C1,0.5179647243
C=CCN1CCC23c4c5ccc(O)c4OC2C(=O)CCC3(O)C1C5,0.2564067695
COc1cc2nc(N3CCN(C(=O)c4ccco4)CC3)[nH]c(=N)c2cc1OC,0.2643889651
Cc1ccc(/C(=C\CN2CCCC2)c2ccccn2)cc1,0.2416470545
O=c1n(CCCN2CCN(c3cccc(Cl)c3)CC2)nc2ccccn12,0.1358452168
CC1CN(c2c(F)c(N)c3c(=O)c(C(=O)O)cn(C4CC4)c3c2F)CC(C)N1,0.6703305829
COc1c(N2CCNC(C)C2)c(F)cc2c(=O)c(C(=O)O)cn(C3CC3)c12,0.765996005
CN(C)CCCN1c2ccccc2CCc2ccc(Cl)cc21,0.0080161586
CN(C)CCCN1c2ccccc2CCc2ccccc21,0.1145921366
CC(CCc1ccccc1)NCC(O)c1ccc(O)c(C(=N)O)c1,0.5189632615
CCCN(CCc1cccs1)C1CCc2c(O)cccc2C1,0.0125826466
Cc1cc2ncc(/C(O)=N/CC(C)(C)NCC(=O)N3CCCC3C#N)cn2n1,0.2692932006
CC(C)CC(/N=C(\O)C(Cc1ccccc1)/N=C(/O)c1cnccn1)B(O)O,0.0380272394
COc1cc2c(cc1OC)C1CC(=O)C(CC(C)C)CN1CC2,0.1509844482
CC(C)C1CCC(/C(O)=N/C(Cc2ccccc2)C(=O)O)CC1,0.028132361
CC(/N=C(\O)C(O)C(C)C)/C(O)=N/C1C(=O)N(C)CCc2ccccc21,0.8208252795
CN(CCOc1ccc(NS(C)(=O)=O)cc1)CCc1ccc(NS(C)(=O)=O)cc1,0.2778156909
CC12CCC(=O)C=C1CCC1C2CCC2(C)C(O)CCC12,0.0496191544
C[N+]1(C)CCC(OC(=O)C(O)(c2ccccc2)C2CCCC2)C1,0.6828724555
OC(CCN1CCCC1)(c1ccccc1)C1CCCCC1,0.1878098363
CCCCCCCCc1ccc(CCC(N)(CO)CO)cc1,0.0002855061
NC1C2CN(c3nc4c(cc3F)c(=O)c(C(=O)O)cn4-c3ccc(F)cc3F)CC12,0.0996146664
CSc1ccc(/C=C2/C(C)=C(CC(=O)O)c3cc(F)ccc32)cc1,0.0012022536
N=C(O)C(CCC(F)(F)F)N(Cc1ccc(-c2ncon2)cc1F)S(=O)(=O)c1ccc(Cl)cc1,0.0159755015
COc1ccc2cc3[n+](cc2c1OC)CCc1cc2c(cc1-3)OCO2,0.5591682122
COC(=O)N(C)c1c(N)nc(-c2nn(Cc3ccccc3F)c3ncccc23)[nH]c1=N,0.2273037821
CC1CCOC2Cn3cc(/C(O)=N/Cc4ccc(F)cc4F)c(=O)c(O)c3C(=O)N12,0.0016845967
CO/N=C(\N)c1ccc(-c2ccc(-c3ccc(/C(N)=N/OC)cc3)o2)cc1,0.0111814946
CN(C)CCC=C1c2ccccc2C=Cc2ccccc21,0.0450063388
CN(C)CCCC1(c2ccc(F)cc2)OCc2cc(C#N)ccc21,0.3696751717
Cc1nnc(C(=O)NC(C)(C)c2nc(/C(O)=N\Cc3ccc(F)cc3)c(O)c(=O)n2C)o1,0.2325712246
c1ccc2c(c1)Sc1ccccc1N2CC1CN2CCC1CC2,0.0390411349
CN(Cc1cnc2nc(=N)[nH]c(N)c2n1)c1ccc(C(=O)NC(CCC(=O)O)C(=O)O)cc1,0.8238311499
CNCCCC12CCC(c3ccccc31)c1ccccc12,0.0586125316
CN(C)CCC=C1c2ccccc2CCc2ccccc21,0.0180572812
O=C1CCC2(O)C3Cc4ccc(O)c5c4C2(CCN3CC2CC2)C1O5,0.4511583797
C=CC1CN2CCC1CC2C(O)c1ccnc2ccc(OC)cc12,0.2025083276
COC(=O)C1=C(C)NC(C)=C(C(=O)OCC(C)C)C1c1ccccc1[N+](=O)[O-],0.0053895067
CCOC(Cc1ccc(OCCc2ccc(OS(C)(=O)=O)cc2)cc1)C(=O)O,0.0224167359
Cc1ccsc1C(=CCCN1CCCC(C(=O)O)C1)c1sccc1C,0.0355856392
CCOC(=O)C1=C(COCCN)NC(C)=C(C(=O)OC)C1c1ccccc1Cl,0.0151817583
CC(CN(C)C)CN1c2ccccc2CCc2ccccc21,0.0139481193
CC1=C(/C=C/C(C)=C/C=C/C(C)=C/C(=O)O)C(C)(C)CCC1,0.0012718536
CCCCOc1cc(/C(O)=N\CCN(CC)CC)c2ccccc2n1,0.0641067575
CC(C)(C)NCC(O)COc1ccc(N/C(O)=N/C2CCCCC2)cc1,0.3869261064
CCCCCC(O)/C=C/C1C(O)CC(=O)C1CCCCCCC(=O)O,0.3557665075
CNC(=O)c1cc(Oc2ccc(N/C(O)=N/c3ccc(Cl)c(C(F)(F)F)c3)c(F)c2)ccn1,0.000140394
O=C(O)c1ccc(-n2nc(-c3ccccc3O)nc2-c2ccccc2O)cc1,0.0178367914
C/N=C(/O)c1ccc(N2C(=S)N(c3ccc(C#N)c(C(F)(F)F)c3)C(=O)C2(C)C)cc1F,0.0928473094
CNC(=O)c1cc(Oc2ccc(N/C(O)=N/c3ccc(Cl)c(C(F)(F)F)c3)cc2)ccn1,0.0007303411
COc1ccc2c(c1)c(CC(=O)OCC(=O)O)c(C)n2C(=O)c1ccc(Cl)cc1,0.0067474115
CC(Oc1ccc(S(C)(=O)=O)cc1C(=O)N1CCN(c2ncc(C(F)(F)F)cc2F)CC1)C(F)(F)F,0.055038536
CN1CCC(c2c(O)cc(O)c3c(=O)cc(-c4ccccc4Cl)oc23)C(O)C1,0.0512324095
OC1=Nc2cc(Cl)c(CCN3CCN(c4nsc5ccccc45)CC3)cc2C1,0.0013870988
O=C(c1ccc(F)c(F)c1Nc1ccc(I)cc1F)N1CC(O)(C2CCCCN2)C1,0.037
CC(Oc1cc(-c2cnn(C3CCNCC3)c2)cnc1N)c1c(Cl)ccc(F)c1Cl,0.0295952216
O=C(CCCN1CCC(O)(c2ccc(Cl)cc2)CC1)c1ccc(F)cc1,0.0932017122
Cc1ccc(Nc2nccc(N(C)c3ccc4c(C)n(C)nc4c3)n2)cc1S(N)(=O)=O,0.0001182536
N=c1[nH]c(CC(=O)Nc2ccc(CCNCC(O)c3ccccc3)cc2)cs1,0.3250227409
COc1c(N2CC3CCCNC3C2)c(F)cc2c(=O)c(C(=O)O)cn(C3CC3)c12,0.6035015208
O=C(O)CCCN1CCC(OC(c2ccc(Cl)cc2)c2ccccn2)CC1,0.6423346344
O=C(O)COCCN1CCN(C(c2ccccc2)c2ccc(Cl)cc2)CC1,0.0991227619
CCOc1ccc(Cc2cc(C3OC(CO)C(O)C(O)C3O)ccc2Cl)cc1,0.0545150504
CN1CCCC1CCOC(C)(c1ccccc1)c1ccc(Cl)cc1,0.0097818362
CSc1ccc2c(c1)N(CCC1CCCCN1C)c1ccccc1S2,0.0007283105
OCCN1CCN(CCCN2c3ccccc3Sc3ccc(Cl)cc32)CC1,0.0234861752
COC(=O)C1C(O)CCC2CN3CCc4c([nH]c5ccccc45)C3CC21,0.2782803928
COCCOC(=O)C1=C(C)NC(C)=C(C(=O)OC(C)C)C1c1cccc([N+](=O)[O-])c1,0.0189002833
CCC(CO)/N=C(\O)C1C=C2c3cccc4c3c(cn4C)CC2N(C)C1,0.2289169765
CCCNCC(O)COc1ccccc1C(=O)CCc1ccccc1,0.1050941691
CC12C=CC(=O)C=C1CCC1C2C(O)CC2(C)C1CCC2(O)C(=O)CO,0.3257676856
OC(CCN1CCCCC1)(c1ccccc1)C1CC2C=CC1C2,0.0644580744
CC(C)N(CCC(C(=N)O)(c1ccccc1)c1ccccn1)C(C)C,0.6694889456
CC12CCC(=O)C=C1CCC1C2C(O)CC2(C)C1CCC2(O)C(=O)CO,0.2688584881
O=C1CC2(CCCC2)CC(=O)N1CCCCN1CCN(c2ncccn2)CC1,0.1874729134
NCCCCC(NC(CCc1ccccc1)C(=O)O)C(=O)N1CCCC1C(=O)O,1
Clc1ccccc1C(c1ccccc1)(c1ccccc1)n1ccnc1,0.0046141512
c1ccc(-c2ccc(C(c3ccccc3)n3ccnc3)cc2)cc1,0.0027392478
Cc1cc(/C=C/C#N)cc(C)c1/N=c1\ccnc(Nc2ccc(C#N)cc2)[nH]1,0.00108753
O=C1C(O)=C(C2CCC(c3ccc(Cl)cc3)CC2)C(=O)c2ccccc21,5.06599312900846E-05
CN1CC(=O)N2C(Cc3c([nH]c4ccccc34)C2c2ccc3c(c2)OCO3)C1=O,0.0849170872
CC(NCCCc1cccc(C(F)(F)F)c1)c1cccc2ccccc12,5.70567979650605E-05
CCCCc1nc(Cl)c(CO)n1Cc1ccc(-c2ccccc2-c2nn[nH]n2)cc1,0.0186315431
COC(c1ccccc1)(c1ccccc1)C(Oc1nc(C)cc(C)n1)C(=O)O,0.0248169139
CCOC(=O)N1CCC(=C2c3ccc(Cl)cc3CCc3cccnc32)CC1,0.0050136047
COc1ccc2c(c1OC)C(=O)OC2C1c2c(cc3c(c2OC)OCO3)CCN1C,0.1223596373
Cc1ccc(/C(=C\CN2CCCC2)c2cccc(/C=C/C(=O)O)n2)cc1,0.308879411
COc1cc2c(Nc3ccc(Br)cc3F)ncnc2cc1OCC1CCN(C)CC1,0.0770141275
Oc1nc2ccccc2n1CCCN1CCC(n2c(O)nc3cc(Cl)ccc32)CC1,0.0293118918
CC1c2cccc(O)c2C(=O)C2=C(O)C3(O)C(=O)C(C(=N)O)=C(O)C(N(C)C)C3C(O)C21,0.1346427233
OC(CNCC(O)C1CCc2cc(F)ccc2O1)C1CCc2cc(F)ccc2O1,0.0249615379
COc1cc2c(c(OC)c1OC)-c1ccc(OC)c(=O)cc1C(/N=C(\C)O)CC2,0.7840149037
CN1CCCC1Cc1c[nH]c2ccc(CCS(=O)(=O)c3ccccc3)cc12,0.2074150783
Cc1nc(Nc2ncc(/C(O)=N/c3c(C)cccc3Cl)s2)cc(N2CCN(CCO)CC2)n1,0.0263562478
CC(C)N1CCC(N(C(=O)Cc2ccccc2)c2ccc(Cl)cc2)CC1,0.1459250562
CCN(CC)CC/N=C(\O)c1c(C)[nH]c(/C=C2\C(O)=Nc3ccc(F)cc32)c1C,0.0072559211
CC(C)Nc1cccnc1N1CCN(C(=O)c2cc3cc(NS(C)(=O)=O)ccc3[nH]2)CC1,0.0113007288
CC(C)c1nc(N(C)S(C)(=O)=O)nc(-c2ccc(F)cc2)c1/C=C/C(O)CC(O)CC(=O)O,0.1607082094
CC1CC2C3CCC4=CC(=O)C=CC4(C)C3(F)C(O)CC2(C)C1(O)C(=O)CO,0.1587693784
CCCc1nn(C)c2c(=O)[nH]c(-c3cc(S(=O)(=O)N4CCN(C)CC4)ccc3OCC)nc12,0.0564446996
CC1CC2C(C(O)CC3(C)C2CCC3(O)C(=O)CO)C2(C)C=CC(=O)C=C12,0.3113738662
CCCS(=O)(=O)Nc1ccc(F)c(C(=O)c2c[nH]c3ncc(-c4ccc(Cl)cc4)cc23)c1F,0
Cc1ccc(-n2nccn2)c(C(=O)N2CCN(c3nc4cc(Cl)ccc4o3)CCC2C)c1,0.0092688137
CCC1(O)C(=O)OCc2c1cc1n(c2=O)Cc2cc3c(CN(C)C)c(O)ccc3nc2-1,0.6093381291
C#CCC(Cc1cnc2nc(=N)[nH]c(N)c2n1)c1ccc(C(=O)NC(CCC(=O)O)C(=O)O)cc1,0.5216072077
COc1cc2nc(N3CCN(C(=O)C4COc5ccccc5O4)CC3)[nH]c(=N)c2cc1OC,0.0643837233
O=C(CCCN1CCC2(CC1)C(O)=NCN2c1ccccc1)c1ccc(F)cc1,0.058212534
COc1ccc(C/N=c2/[nH]c(N3CCCC3CO)ncc2/C(O)=N/Cc2ncccn2)cc1Cl,0.0532726541
OC1=Nc2cc(OCCCCN3CCN(c4cccc(Cl)c4Cl)CC3)ccc2CC1,0.0027331429
Cc1nc2n(c(=O)c1CCN1CCC(c3noc4cc(F)ccc34)CC1)CCCC2,0.0325486748
Cc1nc2n(c(=O)c1CCN1CCC(c3noc4cc(F)ccc34)CC1)CCCC2O,0.0473330048
OCC1OC(c2ccc(Cl)c(Cc3ccc(OC4CCOC4)cc3)c2)C(O)C(O)C1O,0.1091614136
COc1ccc(Cl)cc1/C(O)=N\CCc1ccc(S(=O)(=O)N/C(O)=N/C2CCCCC2)cc1,0
COc1cc(N)c(Cl)cc1/C(O)=N/C1CCN(CCCOc2ccc(F)cc2)CC1OC,0.0223310412
CCCc1nc(C)c2c(=O)nc(-c3cc(S(=O)(=O)N4CCN(CC)CC4)ccc3OCC)[nH]n12,0.051850119
CC1CNc2c(cccc2S(=O)(=O)NC(CCCNC(=N)N)C(=O)N2CCC(C)CC2C(=O)O)C1,0.2535135727
CCC(C)C(=O)OC1CC(O)C=C2C=CC(C)C(CCC(O)CC(O)CC(=O)O)C21,0.6873931056
OCCOc1ccc(/C(=C(/CCCl)c2ccccc2)c2ccccc2)cc1,0
CN(C)C/C=C\C(O)=N\c1cc2c(Nc3ccc(F)c(Cl)c3)ncnc2cc1OC1CCOC1,0.0553982447
CCCc1nc(C(C)(C)O)c(C(=O)O)n1Cc1ccc(-c2ccccc2-c2nn[nH]n2)cc1,0.0167222992
CC(C)n1c(/C=C/C(O)CC(O)CC(=O)O)c(-c2ccc(F)cc2)c2ccccc21,0.0138712013
COc1ccccc1OCCNCC(O)COc1cccc2[nH]c3ccccc3c12,0.0074116892
CC(C)(C)c1cc(C(C)(C)C)c(/N=C(\O)c2c[nH]c3ccccc3c2=O)cc1O,0
CCc1cc2c(cc1CC)CC(NCC(O)c1ccc(O)c3nc(O)ccc13)C2,0.0936674011
CC(=O)c1c(C)c2cnc(Nc3ccc(N4CCNCC4)cn3)nc2n(C2CCCC2)c1=O,0.0857552867
COc1cc2c(cc1OC)C(=O)C(CC1CCN(Cc3ccccc3)CC1)C2,0.1143099461
CCCCC(=O)N(Cc1ccc(-c2ccccc2-c2nn[nH]n2)cc1)C(C(=O)O)C(C)C,0.0067030883
CCN1CC(CCN2CCOCC2)C(c2ccccc2)(c2ccccc2)C1=O,0.3103220524
COC(=O)C1CC2=CC(=O)CCC2(C)C23OC2CC2(C)C(CCC24CCC(=O)O4)C13,0.6833855299
COc1ccccc1OCC(O)CN1CCN(C/C(O)=N/c2c(C)cccc2C)CC1,0.6501631343
OCc1cc(C(O)CNCCCCCCOCCOCc2c(Cl)cccc2Cl)ccc1O,0.0773912484
CCC(C)C(=O)OC1CC(C)C=C2C=CC(C)C(CCC3CC(O)CC(=O)O3)C21,0.0370981674
OCCN(CCO)c1nc(N2CCCCC2)c2nc(N(CCO)CCO)nc(N3CCCCC3)c2n1,0.0710456907
CCOc1nc2cccc(C(=O)O)c2n1Cc1ccc(-c2ccccc2-c2nc(=O)o[nH]2)cc1,0.0006251427
CC1=NN(c2ccc(C)c(C)c2)C(=O)/C1=N\Nc1cccc(-c2cccc(C(=O)O)c2)c1O,0
O=C(O)CC1CCC(c2ccc(-c3ccc(Nc4ccc(C(F)(F)F)nc4)cn3)cc2)CC1,0.001073042
C=CC(=O)N1CCCC(n2nc(-c3ccc(Oc4ccccc4)cc3)c3c(N)ncnc32)C1,0.0051691369
O=C(O)CC(O)CC(O)/C=C/c1c(C2CC2)nc2ccccc2c1-c1ccc(F)cc1,0.0116495013
Cn1c(CNc2ccc(C(=N)N)cc2)nc2cc(C(=O)N(CCC(=O)O)c3ccccn3)ccc21,0.7091529025
COc1ccc(-n2nc(C(=N)O)c3c2C(=O)N(c2ccc(N4CCCCC4=O)cc2)CC3)cc1,0.0295914259
CC1(COc2ccc(N3CCC(Oc4ccc(OC(F)(F)F)cc4)CC3)cc2)Cn2cc([N+](=O)[O-])nc2O1,0
CCN1CCN(/C(O)=N/C(/C(O)=N/C2C(=O)N3C(C(=O)O)=C(CSc4nnnn4C)CSC23)c2ccc(O)cc2)C(=O)C1=O,0.8873347014
CCCCC1=NC2(CCCC2)C(=O)N1Cc1ccc(-c2ccccc2-c2nn[nH]n2)cc1,0.0177368617
CC#CCn1c(N2CCCC(N)C2)nc2c1c(=O)n(Cc1nc(C)c3ccccc3n1)c(=O)n2C,0.1147772476
CCCCc1oc2ccccc2c1C(=O)c1cc(I)c(OCCN(CC)CC)c(I)c1,0
CCC(=O)OC1(C(=O)SCF)C(C)CC2C3CC(F)C4=CC(=O)C=CC4(C)C3(F)C(O)CC21C,0.0201504689
CCc1nn(CCCN2CCN(c3cccc(Cl)c3)CC2)c(=O)n1CCOc1ccccc1,0.0185370191
CC(Cc1cc2c(c(C(=N)O)c1)N(CCCO)CC2)NCCOc1ccccc1OCC(F)(F)F,0.1105442962
CCCC1OC2CC3C4CCC5=CC(=O)C=CC5(C)C4C(O)CC3(C)C2(C(=O)CO)O1,0.0960574765
CC(C)CN(CC(O)C(Cc1ccccc1)/N=C(\O)OC1CCOC1)S(=O)(=O)c1ccc(N)cc1,0.1289842116
CCC(C)(C)C(=O)OC1CC(C)C=C2C=CC(C)C(CCC3CC(O)CC(=O)O3)C21,0.019887827
CC1OC(OC2C(CO)OC(OC3C(CO)OC(O)C(O)C3O)C(O)C2O)C(O)C(O)C1NC1C=C(CO)C(O)C(O)C1O,0.8970296194
C/C(O)=N\c1cccc(-n2c(=O)n(C3CC3)c(=O)c3c(Nc4ccc(I)cc4F)n(C)c(=O)c(C)c32)c1,0.0065101043
Cc1ccccc1C(=O)Nc1ccc(C(=O)N2CCCC(O)c3cc(Cl)ccc32)c(C)c1,0.0190283398
CN(C)CCOc1ccc(/C(=C(/CCCl)c2ccccc2)c2ccccc2)cc1,0
CC(=O)N1CCN(c2ccc(OCC3COC(Cn4ccnc4)(c4ccc(Cl)cc4Cl)O3)cc2)CC1,0.005501156
CC/C(=C(\c1ccccc1)c1ccc(OCCN(C)C)cc1)c1ccccc1,0.0001607085
COc1cc(/N=c2\c(C#N)c[nH]c3cc(OCCCN4CCN(C)CC4)c(OC)cc23)c(Cl)cc1Cl,0.0162769004
COC(=O)C1=C(C)NC(C)=C(C(=O)OCCN(C)Cc2ccccc2)C1c1cccc([N+](=O)[O-])c1,0.0045637352
COCCOC(=O)C1=C(C)NC(C)=C(C(=O)OC/C=C/c2ccccc2)C1c1cccc([N+](=O)[O-])c1,0.0012378376
COc1cc2c(cc1OC)CC(=O)N(CCCN(C)CC1Cc3cc(OC)c(OC)cc31)CC2,0.3619229748
CC(C)CN(CC(O)C(Cc1ccccc1)/N=C(\O)OC1COC2OCCC12)S(=O)(=O)c1ccc(N)cc1,0.1191874973
COc1ccc(CCN(C)CCCC(C#N)(c2ccc(OC)c(OC)c2)C(C)C)cc1OC,0.0113837358
C/C(=C\c1csc(C)n1)C1CC2OC2(C)CCCC(C)C(O)C(C)C(=O)C(C)(C)C(O)C/C(O)=N\1,0.2178461133
Cc1cn(-c2cc(/N=C(\O)c3ccc(C)c(Nc4nccc(-c5cccnc5)n4)c3)cc(C(F)(F)F)c2)cn1,0.0007356762
COc1cc2nccc(Oc3ccc(NC(=O)C4(C(=O)Nc5ccc(F)cc5)CC4)cc3)c2cc1OC,0.0002851339
O=C(c1ccc(OCCN2CCCCC2)cc1)c1c(-c2ccc(O)cc2)sc2cc(O)ccc12,0.005
COc1ccc(CCN2CCC(/N=c3/[nH]c4ccccc4n3Cc3ccc(F)cc3)CC2)cc1,0.0114933228
Oc1ccc2c(c1)CCC(c1ccccc1)C2c1ccc(OCCN2CCCC2)cc1,0.0006071754
O=C1C2C3CCC(C3)C2C(=O)N1CC1CCCCC1CN1CCN(c2nsc3ccccc23)CC1,0
Cc1cc(Nc2ncc(Cl)/c(=N/c3ccccc3S(=O)(=O)C(C)C)[nH]2)c(OC(C)C)cc1C1CCNCC1,0.0018715262
CS(=O)(=O)CCNCc1ccc(-c2ccc3ncnc(Nc4ccc(OCc5cccc(F)c5)c(Cl)c4)c3c2)o1,0
Cc1ccc(C(=O)Nc2ccc(CN3CCN(C)CC3)c(C(F)(F)F)c2)cc1C#Cc1cnc2cccnn12,0.0008751909
Cc1ccc(NC(=O)c2ccc(CN3CCN(C)CC3)cc2)cc1Nc1nccc(-c2cccnc2)n1,0.0453608126
Cc1cc(OCCCS(C)(=O)=O)cc(C)c1-c1cccc(COc2ccc3c(c2)OCC3CC(=O)O)c1,0.0017875405
COc1cc(C2c3cc4c(cc3C(OC3OC5COC(C)OC5C(O)C3O)C3COC(=O)C23)OCO4)cc(OC)c1O,0.3567600455
CN(C)C(=O)C(CCN1CCC(O)(c2ccc(Cl)cc2)CC1)(c1ccccc1)c1ccccc1,0.0193966787
CCO/C(O)=N/C1CCC2C(C1)CC1C(=O)OC(C)C1C2/C=C/c1ccc(-c2cccc(F)c2)cn1,0.0016570228
OC(c1ccccc1)(c1ccccc1)C12CC[N+](CCOCc3ccccc3)(CC1)CC2,0.1508126721
COCC(=O)OC1(CCN(C)CCCc2nc3ccccc3[nH]2)CCc2cc(F)ccc2C1C(C)C,0.0038633843
CN(C)c1cc(/N=C(\O)CNC(C)(C)C)c(O)c2c1CC1CC3C(N(C)C)C(O)=C(C(=N)O)C(=O)C3(O)C(O)=C1C2=O,0.0013988089
CCC1CN2CCc3cc(OC)c(OC)cc3C2CC1CC1NCCc2cc(OC)c(OC)cc21,0.2726679647
Cc1nnc(C(C)C)n1C1CC2CCC(C1)N2CCC(/N=C(/O)C1CCC(F)(F)CC1)c1ccccc1,0.5178153762
CC(C)c1cc(C(C)C)c(C/C(O)=N/S(=O)(=O)Oc2c(C(C)C)cccc2C(C)C)c(C(C)C)c1,0
CCCCCCCCCCCC(CC1OC(=O)C1CCCCCC)OC(=O)C(CC(C)C)/N=C/O,0
CC(=O)OC1(C(C)=O)CCC2C3CCC4=CC(=O)CCC4=C3C(c3ccc(N(C)C)cc3)CC21C,0.0049831934
COCCCOc1cc(CC(CC(N)C(O)CC(/C(O)=N\CC(C)(C)C(=N)O)C(C)C)C(C)C)ccc1OC,0.3538972561
CCCCc1oc2ccc(NS(C)(=O)=O)cc2c1C(=O)c1ccc(OCCCN(CCCC)CCCC)cc1,8.83827529052894E-05
Cc1nc2c([nH]1)-c1ccccc1N(C(=O)c1ccc(NC(=O)c3ccccc3-c3ccccc3)cc1)CC2,0.0136771566
COc1cc(C2c3cc4c(cc3C(OC3OC5COC(c6cccs6)OC5C(O)C3O)C3COC(=O)C23)OCO4)cc(OC)c1O,0.0560829231
CC(C)(C(=O)O)c1ccc(C(O)CCCN2CCC(C(O)(c3ccccc3)c3ccccc3)CC2)cc1,0.0854385335
CC(C)CC1C(=O)N2CCCC2C2(O)OC(/N=C(\O)C3C=C4c5cccc6[nH]c(Br)c(c56)CC4N(C)C3)(C(C)C)C(=O)N12,0.0074380619
CC(C)(C)c1ccc(C(O)CCCN2CCC(C(O)(c3ccccc3)c3ccccc3)CC2)cc1,0.0014432176
Cc1c(O)cccc1/C(O)=N\C(CSc1ccccc1)C(O)CN1CC2CCCCC2CC1/C(O)=N\C(C)(C)C,0.0025164921
CCCc1nc2c(C)cc(-c3nc4ccccc4n3C)cc2n1Cc1ccc(-c2ccccc2C(=O)O)cc1,0.0038
CC(C)c1c(/C(O)=N/c2ccccc2)c(-c2ccccc2)c(-c2ccc(F)cc2)n1CCC(O)CC(O)CC(=O)O,0.0376867295
COC(=O)C1C2CC3c4[nH]c5cc(OC)ccc5c4CCN3CC2CC(OC(=O)c2cc(OC)c(OC)c(OC)c2)C1OC,0.0122181029
COc1cccc(C2OC(CC(=O)N3CCC(CC(=O)O)CC3)C(=O)N(CC(C)(C)COC(C)=O)c3ccc(Cl)cc32)c1OC,0.143979571
CC(C)(O)c1ccccc1CCC(SCC1(CC(=O)O)CC1)c1cccc(/C=C/c2ccc3ccc(Cl)cc3n2)c1,0
CCC(C)n1ncn(-c2ccc(N3CCN(c4ccc(OCC5COC(Cn6cncn6)(c6ccc(Cl)cc6Cl)O5)cc4)CC3)cc2)c1=O,0.0006079079
CC(C)(C)/N=C(/O)C1CN(Cc2cccnc2)CCN1CC(O)CC(Cc1ccccc1)/C(O)=N/C1c2ccccc2CC1O,0.2515095427
CCCC(/N=C(/O)C1C2CCCC2CN1C(=O)C(/N=C(\O)C(/N=C(\O)c1cnccn1)C1CCCCC1)C(C)(C)C)C(=O)C(=O)NC1CC1,0.0851264469
CCC(C(C)O)n1ncn(-c2ccc(N3CCN(c4ccc(OCC5COC(Cn6cncn6)(c6ccc(F)cc6F)C5)cc4)CC3)cc2)c1=O,0.0197612319
CC(C)c1nc(CN(C)/C(O)=N/C(/C(O)=N/C(Cc2ccccc2)CC(O)C(Cc2ccccc2)/N=C(\O)OCc2cncs2)C(C)C)cs1,0.0168321601
CCC1OC(=O)C(C)C(OC2CC(C)(OC)C(O)C(C)O2)C(C)C(OC2OC(C)CC(N(C)C)C2O)C(C)(O)CC(C)C(=O)C(C)C(O)C1(C)O,0.7273230181
CC(C)(C)/N=C(\O)C1CC2CCCCC2CN1CC(O)C(Cc1ccccc1)/N=C(\O)C(CC(=N)O)NC(=O)c1ccc2ccccc2n1,0.0048815078
CCC1OC(=O)C(C)C(OC2CC(C)(OC)C(O)C(C)O2)C(C)C(OC2OC(C)CC(N(C)C)C2O)C(C)(OC)CC(C)C(=O)C(C)C(O)C1(C)O,0.3770141704
CCC1OC(=O)C(C)C(OC2CC(C)(OC)C(O)C(C)O2)C(C)C(OC2OC(C)CC(N(C)C)C2O)C(C)(O)CC(C)CN(C)C(C)C(O)C1(C)O,0.6609573035
O/C(=N\C1CCN(CCCCC2(/C(O)=N/CC(F)(F)F)c3ccccc3-c3ccccc32)CC1)c1ccccc1-c1ccc(C(F)(F)F)cc1,0.0022573787
CO/C(O)=N/C(C(=O)N1CCCC1c1ncc(-c2ccc(-c3ccc(-c4cnc(C5CCCN5C(=O)C(/N=C(\O)OC)C(C)C)[nH]4)cc3)cc2)[nH]1)C(C)C,0.0104416925
COc1ccc2c(OC3CC4/C(O)=N\C5(C(=O)O)CC5/C=C\CCCCCC(/N=C(/O)OC5CCCC5)C(=O)N4C3)cc(-c3cs/c(=N\C(C)C)[nH]3)nc2c1,0.1540056159
CC(C)c1nc(CN(C)/C(O)=N\C(CCN2CCOCC2)/C(O)=N\C(CCC(Cc2ccccc2)/N=C(\O)OCc2cncs2)Cc2ccccc2)cs1,0.0361058641
CC1OC(OC2C(O)CC(OC3C(O)CC(OC4CCC5(C)C(CCC6C5CCC5(C)C(C7=CC(=O)OC7)CCC65O)C4)OC3C)OC2C)CC(O)C1O,0.0331037121
CC1OC(OC2C(O)CC(OC3C(O)CC(OC4CCC5(C)C(CCC6C5CC(O)C5(C)C(C7=CC(=O)OC7)CCC65O)C4)OC3C)OC2C)CC(O)C1O,0.5831078286
COC1/C=C\OC2(C)Oc3c(C)c(O)c4c(O)c(c5c(nc6cc(C)ccn65)c4c3C2=O)/N=C(O)\C(C)=C/C=C\C(C)C(O)C(C)C(O)C(C)C(OC(C)=O)C1C,0.1786476336
CC(=O)OC12COC1CC(O)C1(C)C(=O)C(O)C3=C(C)C(OC(=O)C(O)C(/N=C(/O)OC(C)(C)C)c4ccccc4)CC(O)(C(OC(=O)c4ccccc4)C21)C3(C)C,0.0148932552
COC1/C=C\OC2(C)Oc3c(C)c(O)c4c(O)c(c(/C=N/N5CCN(C)CC5)c(O)c4c3C2=O)/N=C(O)\C(C)=C/C=C\C(C)C(O)C(C)C(O)C(C)C(OC(C)=O)C1C,0.0700580883
C=CCC1/C=C(/C)CC(C)CC(OC)C2OC(O)(C(=O)C(=O)N3CCCCC3C(=O)OC(/C(C)=C/C3CCC(O)C(OC)C3)C(C)C(O)CC1=O)C(C)CC2OC,0.0040470646
CCC1(O)CC2CN(CCc3c([nH]c4ccccc34)C(C(=O)OC)(c3cc4c(cc3OC)N(C=O)C3C(O)(C(=O)OC)C(OC(C)=O)C5(CC)C=CCN6CCC43C65)C2)C1,0.2518147638
CCC1(O)CC2CN(CCc3c([nH]c4ccccc34)C(C(=O)OC)(c3cc4c(cc3OC)N(C)C3C(O)(C(=O)OC)C(OC(C)=O)C5(CC)C=CCN6CCC43C65)C2)C1,0.1689509202
CC(=O)OC1C(=O)C2(C)C(O)CC3OCC3(OC(C)=O)C2C(OC(=O)c2ccccc2)C2(O)CC(OC(=O)C(O)C(/N=C(\O)c3ccccc3)c3ccccc3)C(C)=C1C2(C)C,0.034351156
CO/C(O)=N/C(C(=O)N1CCCC1C(=O)Nc1ccc(C2CCC(c3ccc(NC(=O)C4CCCN4C(=O)C(/N=C(\O)OC)C(C)C)cc3)N2c2ccc(C(C)(C)C)cc2)cc1)C(C)C,0
COC1CC2CCC(C)C(O)(O2)C(=O)C(=O)N2CCCCC2C(=O)OC(C(C)CC2CCC(O)C(OC)C2)CC(=O)C(C)/C=C(/C)C(O)C(OC)C(=O)C(C)CC(C)/C=C\C=C/C=C\1C,0.0016939114
COC1CC2CCC(C)C(O)(O2)C(=O)C(=O)N2CCCCC2C(=O)OC(C(C)CC2CCC(OCCO)C(OC)C2)CC(=O)C(C)/C=C(/C)C(O)C(OC)C(=O)C(C)CC(C)/C=C\C=C/C=C\1C,0
COC1CC2CCC(C)C(O)(O2)C(=O)C(=O)N2CCCCC2C(=O)OC(C(C)CC2CCC(OC(=O)C(C)(CO)CO)C(OC)C2)CC(=O)C(C)/C=C(/C)C(O)C(OC)C(=O)C(C)CC(C)/C=C\C=C/C=C\1C,0.0004490559
Cc1c2oc3c(C)ccc(/C(O)=N\C4/C(O)=N\C(C(C)C)C(=O)N5CCCC5C(=O)N(C)CC(=O)N(C)C(C(C)C)C(=O)OC4C)c3nc-2c(/C(O)=N/C2/C(O)=N\C(C(C)C)C(=O)N3CCCC3C(=O)N(C)CC(=O)N(C)C(C(C)C)C(=O)OC2C)c(N)c1=O,0.2490032624
C/C=C/CC(C)C(O)C1/C(O)=N\C(CC)C(=O)N(C)CC(=O)N(C)C(CC(C)C)/C(O)=N\C(C(C)C)C(=O)N(C)C(CC(C)C)/C(O)=N\C(C)/C(O)=N\C(C)C(=O)N(C)C(CC(C)C)C(=O)N(C)C(CC(C)C)C(=O)N(C)C(C(C)C)C(=O)N1C,0.0007726693
C/C=C/CC(C)C(=O)C1/C(O)=N\C(C(C)C)C(=O)N(C)CC(=O)N(C)C(CC(C)C)/C(O)=N\C(C(C)C)C(=O)N(C)C(CC(C)C)/C(O)=N\C(C)/C(O)=N\C(C)C(=O)N(C)C(CC(C)C)C(=O)N(C)C(CC(C)C)C(=O)N(C)C(C(C)C)C(=O)N1C,0.0036179713
CCC(C)C1OC2(CCC1C)CC1CC(C/C=C(/C)C(OC3CC(OC)C(OC4CC(OC)C(O)C(C)O4)C(C)O3)C(C)/C=C\C=C3\COC4C(O)C(C)=CC(C(=O)O1)C34O)O2,0
CCC(CO)/N=c1\nc2c(ncn2C(C)C)c(NCc2ccccc2)[nH]1,0.0479757161
CCc1cccc2cc(C(O)CNC(C)(C)C)oc12,0.1258647012
c1ccc2c(c1)Nc1ccccc1O2,0.0286130803
C/C(O)=N\C(CC(C)C)/C(O)=N/C(CC(C)C)/C(O)=N/C(C=O)CCCNC(=N)N,0.7307903999
CCC1=CC2CN3CCc4c([nH]c5ccccc45)C(C(=O)OC)(C2)C13,0.0600897742
CC12CCC(=O)C=C1CCC1C2C(O)CC2(C)C(C(=O)CO)CCC12,0.1592444668
CC12CCC(O)CC1CCC1C2CC(O)C2(C)C(C3=CC(=O)OC3)CCC12O,0.650820407
C/C(=C\c1csc(C)n1)C1CC2OC2CCCC(C)C(O)C(C)C(=O)C(C)(C)C(O)CC(=O)O1,0.416193687
Cc1ccc2nc(NCCN)c3ncc(C)n3c2c1,0.153416393
CCC(=O)N1CCN(C(=O)c2ccccc2)CC1,0.9092222571
CCc1cccc2c1N(C)Cc1cc3c(cc1-2)OCO3,0.0003984482
C/N=c1\[nH]c(Nc2ccc(C(=O)N3CCOCC3)cc2OC)ncc1Cl,0.0840768625
CC(/C=C/C(O)=N/O)=C\C(C)C(=O)c1ccc(N(C)C)cc1,0.0465336168
CN(Cc1ccccc1)c1ccc2cc(C(=O)O)c(=O)oc2c1,0.074161998
O=C(O)c1cc(C(F)(F)F)ccc1N1CCC(OCc2ccccn2)C1,0.0358533135
Cc1cc(C(C)Nc2ccccc2)c2nc(N3CCOCC3)cc(=O)n2c1,0.0568616074
Cc1nc(C)c(-c2ccc(C3CCC(CC(=O)O)CC3)cc2)nc1C(=N)O,0.078370222
OCCN(CCc1c[nH]c2ccccc12)Cc1ccc(/C=C/C(O)=N/O)cc1,0.2013536935
OC1(CN2CCC(COc3noc4cccc(OC5CCOC5)c34)CC2)CCOCC1,0.2166164758
COc1ccc2c(c1)CC(/C(O)=N\c1ccc(-c3cn[nH]c3)cc1OCCN(C)C)CO2,0.0140587306
c1ccc(-c2nn3c(c2-c2ccnc4cc(OCCN5CCOCC5)ccc24)CCC3)nc1,0.2647474814
NC(Cc1ccccc1F)C(=O)O,0.9962697306
Oc1c(Br)cc(Cl)cc1Cc1cc(Cl)cc(Br)c1O,0
CCN1CCCC1C/N=C(\O)c1c(O)c(Cl)cc(Cl)c1O,0.0694270372
Cc1cc(C)nc(N2CC3CN(C(=O)c4c(F)cccc4-n4nccn4)CC3C2)n1,0.073
Cn1cc(-c2ccncc2)c(-c2ccc(OCc3ccc4ccccc4n3)cc2)n1,0.0017
c1ccc(/N=c2/[nH]c3c(s2)CCc2n[nH]cc2-3)nc1,0.023
COc1cc(/N=C(/O)c2ccccn2)ccc1Cl,0.0447
c1cnc(Nc2nc3c(s2)CCCc2n[nH]cc2-3)nc1,0.006
c1ccc(/N=c2/[nH]c3c(s2)CCCc2n[nH]cc2-3)nc1,0.011
CN1CCN(C(=O)c2cc3cc(Cl)ccc3[nH]2)CC1,0.2279
CN1CCN(c2cc(-c3ccc(C#N)cc3)[nH]c(=N)n2)CC1,0.475
N=c1nc(N2CCC(N)C2)c2c([nH]1)-c1ccccc1CCC2,0.437
CC(C)CC(C=O)/N=C(\O)C(NS(=O)(=O)c1ccc(F)cc1)C(C)C,0.101
C(#Cc1ncn2c1COc1ccccc1-2)c1ccccc1,0.01
O=C1CC(c2ccccc2)CC(O)=C1Sc1ccccc1Cl,0.002
CCS(=O)(=O)c1ccc(-c2cc(C(F)(F)F)ccc2OCC(=O)O)c(C)c1,0.0705
Cc1ccc(N2CC(COc3ccc(-c4noc(C)n4)cc3)C2)nn1,0.0488
CC/N=C(\O)C1CC(F)(c2ccc(CN3CCCC3)c(F)c2)C1,0.7721
CC1CN(c2nnc(C(F)(F)F)o2)CCN1c1ncc(OCc2ccncc2C#N)cn1,0.097
FC(F)(F)c1ccc(Nc2ccnc3nc(-c4ncccc4C(F)(F)F)ccc23)nc1,0.107
O=C(O)c1cn(Cc2ccc(-n3cccn3)cc2)c2cccc(F)c2c1=O,0.116
CCCOCCn1c(=O)c(NCCN)nc2cnc(-c3ccc(OC)nc3)cc21,0.166
O=C(O)c1cc(CN2CCN(c3ccc(Br)cc3)CC2)c2ccccn2c1=O,0.039
COc1cc2nnc(C(=N)O)c(Nc3ccc(F)cc3F)c2cc1N1CCN(C)CC1,0.157
CC1CN(c2nc(C(F)(F)F)no2)CCN1c1ncc(OCc2ccc(CS(C)(=O)=O)cc2F)cn1,0.015
CC(C)c1nc(N2CCN(c3ncc(OCc4ccncc4C#N)cn3)C(C)C2)no1,0.018
CC(C)OC(=O)N1CCC(Oc2ncnc3c2cnn3-c2ccc(S(C)(=O)=O)cc2F)CC1,0.034
CC(C)NCc1c(/C(O)=N/C2CCCC(O)C2)noc1-c1ccc(C(F)(F)F)cc1,0.271
Cc1nccnc1-c1ccc(C/C(O)=N/C(C)c2ccc(OCC(F)(F)F)cn2)cc1,0.1696
O=C1c2ccccc2C(/C(O)=N/Cc2ccc(OC(F)(F)F)cc2)N1C1CCOCC1,0.1315
Cn1cc(/C(O)=N\CC(O)CN2CCC(Oc3ccc(Cl)c(Cl)c3)CC2)c(C(F)(F)F)cc1=O,0.103
COc1cc2nnc(C(=N)O)c(Nc3ccc(C)cc3F)c2cc1N1CCN(C)CC1,0.069
CCCOCCn1c(=O)c(N2CCNCC2)nc2cnc(-c3ccc(OC)nc3)cc21,0.158
CCCOCCn1c(=O)c(NCCNCCO)nc2cnc(-c3ccc(OC)nc3)cc21,0.226
O=C1c2ccccc2C(/C(O)=N/Cc2ccc(F)c(C(F)(F)F)c2)N1CCc1ncc(F)cn1,0.1289
O=C1c2ccccc2C(/C(O)=N\Cc2cccc(OC(F)(F)F)c2)N1CCc1ncc(F)cn1,0.1795
O=C1c2ccccc2C(/C(O)=N\Cc2ccc(OC(F)(F)F)cc2)N1CCc1ncc(F)cn1,0.0928
CN(C(=O)Cc1ccc(-n2cnnn2)cc1)C1CCN(Cc2ccc(C(F)(F)F)cc2)CC1,0.0606
CCOc1cc2[nH]cc(C(=N)O)/c(=N/c3cccc(Cl)c3F)c2cc1N1CCN(C)CC1,0.1341
CCOc1cc2nnc(C(=N)O)c(Nc3ccc(C)cc3F)c2cc1N1CCN(C)CC1,0.0633
O=C(O)c1cn(Cc2ccc(-n3cnc4ccccc43)cc2)c2cccc(F)c2c1=O,0.084
O=C1c2ccccc2C(/C(O)=N\Cc2ccc(OC(F)(F)F)cc2)N1CCc1ccccn1,0.0447
O=C(C(c1ccc(Cl)cc1)c1cccnc1)N1CCN(c2ccc(C(F)(F)F)cc2)CC1,0.973
Cc1nn(-c2ccc(F)cc2)c(NS(=O)(=O)c2ccc(C#N)cc2)c1/C(O)=N/C(C)C(C)(C)C,0.0801
CCOc1cc2[nH]cc(C(=N)O)/c(=N\c3cc(C)ccc3F)c2cc1N1CCN(C)CC1,0.1073
CCOc1cc2[nH]cc(C(=N)O)/c(=N/c3ccc(C)cc3F)c2cc1N1CCN(C)CC1,0.151
CC(/N=C(\O)c1cc(F)cc(CN2C(=N)NC(C)(C(C)C)CC2=O)c1)c1ccccc1,0.059
Cc1ccc(S(=O)(=O)Nc2c(/C(O)=N/C(C)C(C)(C)C)c(C)nn2-c2ccccc2)cc1,0.0418
CCCOCCn1c(=O)c(N2CCN(CCO)CC2)nc2cnc(-c3ccc(OC)nc3)cc21,0.171
O=C1N(c2cccc(Cl)c2)C(c2ccccn2)C12CCN(/C(O)=N/c1ccc(F)c(F)c1)CC2,0.001
O=C1N(c2cccc(Cl)c2)C(c2ccccn2)C12CCN(/C(O)=N/c1cc(F)cc(F)c1)CC2,0.005
C/N=C(\O)CCCN(C)C(=O)c1ccc2c(c1)c1c(n2C)CCC(C2CCOCC2)C1,0.0146
Cc1nn(C2CCOCC2)c(NS(=O)(=O)c2ccc(C3CC3)cc2)c1/C(O)=N/C(C)C(C)(C)C,0.1095
N#Cc1cccc(/N=C(\O)N2CCC3(CC2)C(=O)N(c2cccc(Cl)c2)C3c2ccccn2)c1,0.008
COCC(C)Oc1cc(OC(C)Cc2ccccc2)cc(/C(O)=N/c2ccc(C(=O)O)cn2)c1,0.0042
CC1(C)OC(=O)N(c2ccc(C(=O)Nc3cccc4cccnc34)cc2)C1c1ccccc1,0.001
O=C(NCc1ccncn1)c1ccc(Oc2ccc(C#CC3(O)CN4CCC3CC4)cc2)cc1,0.23
COc1cccc(/N=c2/c(C(=N)O)c[nH]c3c(C)cc(S(=O)(=O)c4cccc(C(=O)N(C)C)c4)cc23)c1,0.024
CC1(C)OC(=O)N(C2CCC(/N=C(\O)c3cccc4cccnc34)CC2)C1c1ccccc1,0.027
N#CC1(c2ccccn2)CCN(Cc2cc(C(=O)NC3CCOCC3)c(=O)n3ccccc23)CC1,0.268
N=C(N)c1ccc(C/N=C(\O)C2CCCN2C(=O)C(NCC(=O)O)C(c2ccccc2)c2ccccc2)s1,0.124
CC(C)CCCC/C(O)=N/C(CCN)/C(O)=N/C(/C(O)=N/C(CCN)/C(O)=N/C1CC/N=C(/O)C(C(C)O)/N=C(/O)C(CCN)/N=C(/O)C(CCN)/N=C(/O)C(CC(C)C)/N=C(/O)C(CC(C)C)/N=C(/O)C(CCN)/N=C\1O)C(C)O,0.6
CCN1CCCC1C/N=C(\O)c1c(O)c(Cl)cc(Cl)c1OC,0.5573
CCCSc1ncccc1C(=O)NC1CCCCC1,0.13
O/C(=N\c1nc(C(F)(F)F)co1)C1c2ccccc2Oc2ccccc21,0.003
Cc1nsc(-c2nnc3n2CCN(C(=O)c2ccc(-c4cccs4)cc2)C3C)n1,0.065
Cc1nc(-c2nnc3n2CCN(C(=O)c2ccc(-c4cccs4)cc2)C3C)cs1,0.055
CC1CCC(Oc2ccnc3c(F)cccc23)CN1C(=O)c1ccccc1-n1nccn1,0.04
COc1cc(NC(=O)c2ccc(-c3ccc(Cl)cc3)o2)cc(OC)c1,0.013
O/C(=N/Cc1cccnc1OCC(F)(F)F)c1cncc(-c2ccc(Cl)cc2)c1,0.0013
CCCSc1nc(N2CCCC(CC(=O)O)C2)ccc1C(=O)NC1CCCCC1,0.018
O=C1c2ccccc2C(/C(O)=N/Cc2ccc(OC(F)(F)F)cc2)N1C1CCC(F)(F)CC1,0.0343
COc1ccccc1N1CCN(CCN(C(=O)C2CCCCC2)c2ccccn2)CC1,0.2083
Nc1nc(/C(O)=N\C(CO)C(=O)O)c(N)nc1/C(O)=N/C(CO)C(=O)O,1
Cc1ccc(NS(=O)(=O)c2ccccc2)c(C(=O)O)c1,0.003
Cn1cnc(-c2ccccc2)c1-c1nc2c(N)ncnc2s1,0.052
O/C(=N\c1ccnc(/N=C(\O)C2CC2)c1)c1c(Cl)cccc1Cl,0.04
COc1cc(NC(=O)c2nccs2)ccc1/N=C(\O)c1ccccc1Cl,0.995
O=C(NC1CCC1)c1ccc(C#Cc2cccc(F)c2)cn1,0.01
OCC(O)C/N=C(\O)c1nc(NCC(O)CO)c(/C(O)=N\CC(O)CO)nc1NCC(O)CO,0.94
O/C(=N/c1ccc(/N=C(/O)c2ccccc2Cl)c(Cl)c1)c1ccccn1,0.995
O=C(c1cccc(Cl)c1Cl)c1nc(CN2CCOCC2)c2ccccn12,0.24
COCC(C1CC1)n1cc(Cl)[nH]/c(=N/c2cc(C)c(OC)cc2C)c1=O,0.021
O=C(NCC1(CO)CCCC1)c1nc(N2CCOCC2)n2ccccc12,0.16
Cc1ccccc1/C(O)=N\c1ccc(/N=C(/O)c2ccccn2)cc1Cl,0.995
COc1cc(/N=C(/O)c2ccccn2)ccc1/N=C(\O)c1ccccc1Cl,0.995
CCc1c[nH]c2ncnc(N3CCC(N)(C/N=C(\O)c4ccc(F)cc4F)C3)c12,0.0033
Cc1cc2ncc(/C(O)=N/CC(C)(C)NCC(=O)N3CCCC3C#N)c(C)n2n1,0.779
CN(C)S(=O)(=O)/N=C(\O)CCCc1c(-c2ccc(F)cc2)[nH]c2ccc(C#N)cc12,0.0042
Cc1ccc(S(=O)(=O)Nc2c(/C(O)=N/C(C)C(C)(C)C)c(C)nn2C(C)C)cc1,0.0418
COc1ccccc1C(=O)n1ccc2cc(NC(=O)c3ccccn3)ccc21,0.995
O=C(O)CCc1ccc(NCc2cccc(Oc3ccccc3)c2)cc1,0.0052
COc1ccccc1N1CCN(C(=O)c2cc(-c3ccc(Cl)cc3)n(C)n2)CC1,0.002
COc1ccccc1N1CCN(C(=O)c2cc(-c3ccc(Cl)cc3)nn2C)CC1,0.005
Cn1cc(/C(O)=N/c2ccc(-c3ccccc3)c(C(F)(F)F)c2)c(=O)c2cnccc21,0.08
FC(F)(F)c1ccc(N(c2cccnc2)C2CCN(c3ccc(C(F)(F)F)cn3)CC2)cc1,0.999
CC(C)Oc1cc(OC(C)c2ccccc2)cc(/C(O)=N\c2ccc(C(=O)O)cn2)c1,0.0035
COc1cccc2c1c(NS(=O)(=O)c1ccc(Cl)s1)nn2Cc1cccc(C/N=C(/O)C(C)(C)O)c1,0.0082
CC(c1ccc(F)cc1)N1C(=O)OC(Cc2ccccc2)(c2nc3ccc(Cl)cc3[nH]2)C1=O,0.01
O/C(=N\c1cc(F)cc(F)c1)N1CCC2(CC1)CN(c1ccc(F)c(Cl)c1)C2c1ccccn1,0.001
CC(C)Oc1cc(OC(C)Cc2ccccc2)cc(/C(O)=N\c2ccc(C(=O)O)cn2)c1,0.0023
CC(CN1CCC(n2c(O)nc3cc(Br)ccc32)CC1)/N=C(\O)C1CC1c1ccccc1,0.019
CC(c1ccc(F)cc1)N1C(=O)OC(Cc2ccccc2)(c2nc3cccc(C(F)(F)F)c3[nH]2)C1=O,0.01
CC(c1ccc(F)cc1)N1C(=O)OC(Cc2ccccc2)(c2nc3ccc(C(F)(F)F)cc3[nH]2)C1=O,0.01
OC1=NCN(c2cccc(F)c2)C12CCN(CC/N=C(\O)c1ccc3ccccc3c1)CC2,0.021
Cc1ccccc1/N=C(\O)Nc1ccc(CC(=O)N2CC(F)CC2Oc2ccc(C(=O)O)cc2)cc1Cl,0.26
CC(C)c1nc2ccccc2n1-c1nc(N2CCOCC2)c2nc(OC3CN(C4CCS(=O)(=O)CC4)C3)n(C)c2n1,0.2199
CC(C)(C)O/C(O)=N/CC1CCC(C/N=C(/O)c2cc(-c3ccccc3)nc3ccccc23)CC1,0.005
CC(c1ccc(F)cc1)N1C(=O)OC(Cc2ccccc2)(c2nc3ccc(-c4cccnc4)cc3[nH]2)C1=O,0.01
N#CC1(c2ccccn2)CCN(Cc2cc3c(c4ccccc24)CN(C2CCCCC2O)C3=O)CC1,0.05
CC(CC(O)(CC(=O)O)C1OC1(C)C)C1=C2CC(O)C3C(CCC4C(C)(C)C(=O)CCC34C)C2(C)CC1,0.1781
CC(=O)OC(C(O)CC(C)C1=C2CC(O)C3C4(C)CCC(=O)C(C)(C)C4CCC3(C)C2(C)CC1)C(C)(C)O,0.279
CC(=O)N(C)C1(c2ccccc2)CCN(CCCC2(c3ccc(Cl)c(Cl)c3)CCCN(C(=O)c3ccccc3)C2)CC1,0.006
CCC(C)CCC/C(O)=N/C(CCN)/C(O)=N/C(/C(O)=N/C(CCN)/C(O)=N/C1CC/N=C(/O)C(C(C)O)/N=C(/O)C(CCN)/N=C(/O)C(CCN)/N=C(/O)C(CC(C)C)/N=C(/O)C(CC(C)C)/N=C(/O)C(CCN)/N=C\1O)C(C)O,0.43
Nc1ccc(OS(=O)(=O)O)cc1Cl,0.075
