smiles,value,label,low,medium,high
Sc1ncnc2[nH]cnc12,0.8693154175,0,1,0,0
CS(=O)(=O)OCCCCOS(C)(=O)=O,1.0947831763,0,1,0,0
Cn1c(=O)c2nc[nH]c2n(C)c1=O,1.1631312182,0,1,0,0
NS(=O)(=O)c1cc2c(cc1Cl)NCNS2(=O)=O,0.7699461357,0,1,0,0
Cc1ncc([N+](=O)[O-])n1CC(C)O,1.0740657342,0,1,0,0
N=c1[nH]c2ccc(OC(F)(F)F)cc2s1,1.308969529,0,1,0,0
O=C1N=C(O)CN1/N=C/c1ccc([N+](=O)[O-])o1,1.0757662171,0,1,0,0
N=C(N)N/N=C/c1c(Cl)cccc1Cl,1.0657653243,0,1,0,0
CCc1cc(C(=N)S)ccn1,1.0385627264,0,1,0,0
N=c1nc(O)n(C2CSC(CO)O2)cc1F,0.881132467,0,1,0,0
N=c1ccn(C2CSC(CO)O2)c(O)n1,0.904324455,0,1,0,0
N=c1nc(O)c2ncn(COCCO)c2[nH]1,1.0965514366,0,1,0,0
N=c1ncn(C2CC(O)C(CO)O2)c(O)n1,0.8639574675,0,1,0,0
CCC(C(=N)O)N1CCCC1=O,1.306146309,0,1,0,0
N=c1nnc(-c2cccc(Cl)c2Cl)c(N)[nH]1,1.0248409179,0,1,0,0
O=S(=O)(NC(CO)C(C(F)(F)F)C(F)(F)F)c1ccc(Cl)s1,1.0510072364,0,1,0,0
CC(=O)Oc1ccccc1C(=O)O,1.1414262619,0,1,0,0
Clc1cccc(Cl)c1NC1=NCCN1,0.8591674708,0,1,0,0
N=C(N)/N=C(\O)Cc1c(Cl)cccc1Cl,0.951418889,0,1,0,0
N=c1nc(O)c2ncn(COC(CO)CO)c2[nH]1,1.0845119806,0,1,0,0
N=c1[nH]c(N2CCCCC2)cc(N)[n+]1[O-],0.7857463332,0,1,0,0
NCC1(CC(=O)O)CCCCC1,0.6090547476,0,1,0,0
CN(C)c1nc(N(C)C)nc(N(C)C)n1,0.9059745029,0,1,0,0
N=C(O)c1cn(Cc2c(F)cccc2F)nn1,0.9895867975,0,1,0,0
O=c1nc(O)c(C(F)(F)F)cn1C1CC(O)C(CO)O1,1.5123698481,2,0,1,0
NCC(CC(=O)O)c1ccc(Cl)cc1,1.4922377707,2,0,1,0
CCOc1ccc(/N=C(\C)O)cc1,1.019370128,0,1,0,0
Cc1cn(C2CC(N=[N+]=[N-])C(CO)O2)c(=O)nc1O,1.5928519809,2,0,1,0
Cc1cn(C2CC(O)C(CO)O2)c(=O)nc1O,1.5293547199,2,0,1,0
C/N=C(\NC#N)NCCSCc1[nH]cnc1C,1.1930815792,0,1,0,0
NC12CC3CC(CC(C3)C1)C2,0.8163466813,0,1,0,0
CCCNC1CCc2[nH]c(=N)sc2C1,0.8038913764,0,1,0,0
Cc1cc(=O)n(-c2ccccc2)n1C,1.0836140203,0,1,0,0
CC1CNCCc2ccc(Cl)cc21,0.9607650556,0,1,0,0
CCC(C(=N)O)(C(=N)O)c1ccccc1,1.1172159643,0,1,0,0
CCC1C(=O)OCC1Cc1cncn1C,0.8347428207,0,1,0,0
CNC(C)(C)Cc1ccccc1,0.8075583468,0,1,0,0
Cc1cccc(C)c1OCC(C)N,1.2430206881,0,1,0,0
Nc1ncnc2c1ncn2Cc1c(F)cccc1Cl,0.8748653108,0,1,0,0
Cc1oncc1C(=O)Nc1ccc(C(F)(F)F)cc1,1.0381933678,0,1,0,0
C/C(O)=C(\C#N)C(=O)Nc1ccc(C(F)(F)F)cc1,1.042915606,0,1,0,0
Cc1ccc(=O)n(-c2ccccc2)c1,1.2343016869,0,1,0,0
CCc1nc(=N)[nH]c(N)c1-c1ccc(Cl)cc1,1.3164274526,0,1,0,0
CS(=O)(=O)c1ccc(C(O)C(CF)/N=C(/O)C(Cl)Cl)cc1,5.8937289759,2,0,1,0
COc1cc(NS(=O)(=O)c2ccc(N)cc2)nc(OC)n1,1.3198710453,0,1,0,0
C=C1C(CO)C(O)CC1n1cnc2c(O)nc(=N)[nH]c21,1.0114052106,0,1,0,0
CN(C)C(=O)Oc1cccc([N+](C)(C)C)c1,0.6725944852,0,1,0,0
CC(C)NCC(O)c1ccc(NS(C)(=O)=O)cc1,1.174172209,0,1,0,0
CC12CC3CC(C)(C1)CC(N)(C3)C2,0.9353615195,0,1,0,0
CC1(C)OC2COC3(COS(N)(=O)=O)OC(C)(C)OC3C2O1,1.5781405259,2,0,1,0
Nc1cccc2c1C(=O)N(C1CCC(O)=NC1=O)C2=O,1.2108950949,0,1,0,0
OC(Cn1cncn1)(Cn1cncn1)c1ccc(F)cc1F,1.3608694883,0,1,0,0
c1cnc2cc3c(cc2n1)C1CNCC3C1,0.9998505175,0,1,0,0
N=c1c2c([nH]c3ccccc13)CCCC2,0.9431151449,0,1,0,0
Cc1cccc(C(C)c2cnc[nH]2)c1C,0.917429863,0,1,0,0
CC1(c2nc3cccc(C(=N)O)c3[nH]2)CCCN1,2.6425783349,2,0,1,0
CC(NC(C)(C)C)C(=O)c1cccc(Cl)c1,1.0608867517,0,1,0,0
NC(Cc1ccc(N(CCCl)CCCl)cc1)C(=O)O,2.44517628,2,0,1,0
CC(C)C(N)C(=O)OCCOCn1cnc2c(O)nc(=N)[nH]c21,1.0645879466,0,1,0,0
CC(C)(C)NCC(O)c1ccc(O)c(CO)c1,1.029748635,0,1,0,0
CN/C(=C\[N+](=O)[O-])NCCSCc1ccc(CN(C)C)o1,1.5113457657,2,0,1,0
O=C(O)c1ccc2nc(-c3cc(Cl)cc(Cl)c3)oc2c1,0.6772897127,0,1,0,0
OC1=Nc2ccc(Cl)cc2C(C#CC2CC2)(C(F)(F)F)O1,1.2311246963,0,1,0,0
O=C1CCCC(=O)C1C(=O)c1ccc(C(F)(F)F)cc1[N+](=O)[O-],1.1558134582,0,1,0,0
O=C(O)Cc1ccccc1Nc1c(Cl)cccc1Cl,1.0691015831,0,1,0,0
NS(=O)(=O)c1cc(C2(O)N=C(O)c3ccccc32)ccc1Cl,2.1216281939,2,0,1,0
Cc1ccc(C(=O)c2cc(O)c(O)c([N+](=O)[O-])c2)cc1,0.8090012709,0,1,0,0
Cc1cnc(/N=C(\O)C2=C(O)c3ccccc3S(=O)(=O)N2C)s1,1.2987254876,0,1,0,0
Clc1ccccc1CN1CCc2sccc2C1,0.9906069768,0,1,0,0
COc1ccc2cc(C(C)C(=O)O)ccc2c1,1.1391245896,0,1,0,0
Cc1nnc(SCC2=C(C(=O)O)N3C(=O)C(/N=C(/O)Cn4cnnn4)C3SC2)s1,2.9911688314,2,0,1,0
CCN(CC)C(=O)/C(C#N)=C/c1cc(O)c(O)c([N+](=O)[O-])c1,0.9192833792,0,1,0,0
CCOC(=O)c1cncn1C(C)c1ccccc1,0.9984726932,0,1,0,0
CC(C)(C)C(O)/C=C/c1ccc2c(c1)OCO2,1.111396365,0,1,0,0
COc1cc(Cc2c[nH]c(=N)[nH]c2=N)cc(OC)c1OC,6.3231314254,2,0,1,0
O=C(O)CCCc1ccc(N(CCCl)CCCl)cc1,1.108273031,0,1,0,0
CC(=O)OCC(CCn1cnc2c[nH]c(=N)nc21)COC(C)=O,4.8753479211,2,0,1,0
CC(C)NCC(O)COc1cccc2[nH]ccc12,1.268606207,0,1,0,0
O/N=C(\O)CCCCCC/C(O)=N\c1ccccc1,2.152646841,2,0,1,0
CNS(=O)(=O)Cc1ccc2[nH]cc(CCN(C)C)c2c1,0.6302813256,0,1,0,0
CCN(CC)C/C(O)=N/c1c(C)cccc1C,1.2310641481,0,1,0,0
CCN(CC)CC/N=C(/O)c1cc(Cl)c(N)cc1OC,2.8144013353,2,0,1,0
CC(C)NCC(O)COc1ccc(CC(=N)O)cc1,0.9789533561,0,1,0,0
N=C(O)N1c2ccccc2C=Cc2ccccc21,1.0401105203,0,1,0,0
OC1=NC(c2ccccc2)(c2ccccc2)C(O)=N1,0.9835891857,0,1,0,0
Nc1c(CC(=O)O)cccc1C(=O)c1ccc(Br)cc1,0.7437091743,0,1,0,0
Cc1ccnc2c1N=C(O)c1cccnc1N2C1CC1,1.1704520347,0,1,0,0
CC(C(=O)O)c1cccc(Oc2ccccc2)c1,1.8717551659,2,0,1,0
CCOC(=O)c1ncn2c1CN(C)C(=O)c1cc(F)ccc1-2,1.0107393494,0,1,0,0
COc1ccc2cccc(CC/N=C(/C)O)c2c1,0.849790809,0,1,0,0
CCn1cc(C(=O)O)c(=O)c2cc(F)c(N3CCNCC3)nc21,1.2530843591,0,1,0,0
CC(C(=O)O)c1ccc(CC2CCCC2=O)cc1,0.8000863775,0,1,0,0
COC12C(COC(=N)O)C3=C(C(=O)C(C)=C(N)C3=O)N1CC1NC12,2.280463613,2,0,1,0
CN(C)CCc1c[nH]c2ccc(Cn3cncn3)cc12,3.426545496,2,0,1,0
CC/C(O)=N/CC1CC1c1cccc2c1CCO2,1.0306211842,0,1,0,0
COCCCC/C(=N\OCCN)c1ccc(C(F)(F)F)cc1,1.2120666878,0,1,0,0
CCN(CC)C(=O)C1(c2ccccc2)CC1CN,20.924426073,1,0,0,1
CC1CCC2C(C)C(=O)OC3OC4(C)CCC1C32OO4,1.183767029,0,1,0,0
C=CCc1ccccc1OCC(O)CNC(C)C,0.8961871942,0,1,0,0
C=CCOc1ccccc1OCC(O)CNC(C)C,1.5680377898,2,0,1,0
COCCc1ccc(OCC(O)CNC(C)C)cc1,1.2934088049,0,1,0,0
CCC(CC)C(/N=C(/C)O)C1C(NC(=N)N)CC(C(=O)O)C1O,1.0506284934,0,1,0,0
CO/C(O)=N/c1nc2ccc(C(=O)c3ccc(F)cc3)cc2[nH]1,0.761571487,0,1,0,0
CN1C(=O)CN=C(c2ccccc2)c2cc(Cl)ccc21,1.2241004608,0,1,0,0
CC(c1ncncc1F)C(O)(Cn1cncn1)c1ccc(F)cc1F,1.0204724287,0,1,0,0
CC(C(=O)O)c1cccc(C(=O)c2ccccc2)c1,1.4930187724,2,0,1,0
CC(C)c1ccc2oc3nc(N)c(C(=O)O)cc3c(=O)c2c1,0.5153214734,0,1,0,0
NC(CC(=O)N1CCn2c(nnc2C(F)(F)F)C1)Cc1cc(F)c(F)cc1F,7.8336096485,2,0,1,0
Cc1cc(Cn2nnc3c(-c4ccco4)[nH]c(=N)nc32)ccc1N,1.0303660763,0,1,0,0
CO/N=C(C(\O)=N\C1C(=O)N2C(C(=O)O)=C(COC(C)=O)CSC12)/c1csc(=N)[nH]1,1.3249950433,0,1,0,0
CCO/C(O)=N/c1ccc(NCc2ccc(F)cc2)cc1N,1.1544003871,0,1,0,0
CCn1cc(C(=O)O)c(=O)c2cc(F)c(N3CCNCC3)cc21,1.0315399808,0,1,0,0
CN(C)CCC(c1ccc(Cl)cc1)c1ccccn1,1.2643108342,0,1,0,0
CN(C)CCC(c1ccccc1)c1ccccn1,1.2144018518,0,1,0,0
CC1CCN(C(=O)CC#N)CC1N(C)c1ncnc2[nH]ccc12,12.5852094956,1,0,0,1
CC(C)NCC(O)COc1cccc2ccccc12,1.0411192844,0,1,0,0
Cn1c(CCCC(=O)O)nc2cc(N(CCCl)CCCl)ccc21,2.0430038873,2,0,1,0
CN(C)CCc1c[nH]c2ccc(CC3COC(O)=N3)cc12,0.8345455899,0,1,0,0
CCCCCNC(=N)N/N=C/c1c[nH]c2ccc(OC)cc12,0.9849745142,0,1,0,0
CCCN(CCC)CCc1cccc2c1CC(O)=N2,0.9590389268,0,1,0,0
COc1cccc(C2(O)CCCCC2CN(C)C)c1,1.1317933459,0,1,0,0
CN(C)CC(c1ccc(O)cc1)C1(O)CCCCC1,2.3717405546,2,0,1,0
CCOCC(O)COc1ccc([N-]C(=O)CC[S+](C)C)cc1,0.8061721348,0,1,0,0
CCOC(=O)C1=CC(OC(CC)CC)C(/N=C(\C)O)C(N)C1,10.9959461474,1,0,0,1
Cc1ccc(-c2cc(C(F)(F)F)nn2-c2ccc(S(N)(=O)=O)cc2)cc1,1.3216153705,0,1,0,0
O=C(N=c1c(Cl)c[nH]cc1Cl)c1ccc(OC(F)F)c(OCC2CC2)c1,1.0664298718,0,1,0,0
CS(=O)(=O)c1ccc(C2=C(c3ccccc3)C(=O)OC2)cc1,1.1862498811,0,1,0,0
CS(=O)(=O)Nc1cc2occ(/N=C/O)c(=O)c2cc1Oc1ccccc1,0.7958156271,0,1,0,0
Cn1nnc(-c2ccc(-c3ccc(N4CC(CO)OC4=O)cc3F)cn2)n1,1.1302061735,0,1,0,0
CN1CC2c3ccccc3Oc3ccc(Cl)cc3C2C1,1.0296197992,0,1,0,0
OC(c1cc(C(F)(F)F)nc2c(C(F)(F)F)cccc12)C1CCCCN1,4.5884907341,2,0,1,0
N=C(O)CCC/N=C(\c1ccc(Cl)cc1)c1cc(F)ccc1O,1.4579621466,2,0,1,0
CC(=O)OC1Cc2ccccc2N(C(=N)O)c2ccccc21,1.6106744677,2,0,1,0
CNC1CCC(c2ccc(Cl)c(Cl)c2)c2ccccc21,0.8585806492,0,1,0,0
CN1CCN(C(=O)OC2c3nccnc3C(=O)N2c2ccc(Cl)cn2)CC1,1.6140729177,2,0,1,0
CNCCC(Oc1ccc(C(F)(F)F)cc1)c1ccccc1,1.3942680999,0,1,0,0
N#CCC(C1CCCC1)n1cc(-c2nc[nH]c3nccc2-3)cn1,3.0214932322,2,0,1,0
O=C(O)c1cn(C2CC2)c2cc(N3CCNCC3)c(F)cc2c1=O,1.2605627141,0,1,0,0
COC(=O)C1=C(C)NC(C)=C(C(=O)OC)C1c1ccccc1[N+](=O)[O-],1.1509855095,0,1,0,0
CN(C)CCCN1c2ccccc2Sc2ccc(Cl)cc21,1.0320370943,0,1,0,0
CC(NCc1ccc(OCc2cccc(F)c2)cc1)C(=N)O,1.1315294034,0,1,0,0
NCCNc1ccc(NCCN)c2c1C(=O)c1ccncc1C2=O,3.4784137778,2,0,1,0
COc1ccc2nc([S+]([O-])Cc3ncc(C)c(OC)c3C)[nH]c2c1,4.1954849739,2,0,1,0
CC(CN1c2ccccc2Sc2ccccc21)N(C)C,0.9974182823,0,1,0,0
CN(C)CCCN1c2ccccc2Sc2ccccc21,1.1492462228,0,1,0,0
COc1c(C)c2c(c(O)c1C/C=C(\C)CCC(=O)O)C(=O)OC2,1.2068041221,0,1,0,0
CN(C)CCOC(c1ccccc1)c1ccccc1,1.1892176397,0,1,0,0
COc1ccc2c3c1OC1CC(O)C=CC31CCN(C)C2,0.934853744,0,1,0,0
CCc1cccc2c3c([nH]c12)C(CC)(CC(=O)O)OCC3,1.0900708884,0,1,0,0
CN1C2CC(OC(=O)C(CO)c3ccccc3)CC1C1OC12,1.2755910898,0,1,0,0
CN(C)CCOC(C)(c1ccccc1)c1ccccn1,1.6341092311,2,0,1,0
COc1ccc(CN(CCN(C)C)c2ccccn2)cc1,0.7120675585,0,1,0,0
CC(C)(C)NCC(O)COc1cccc2c1CC(O)C(O)C2,1.2371790363,0,1,0,0
CCN1CCCC1C/N=C(\O)c1cc(S(=O)(=O)CC)c(N)cc1OC,1.651062221,2,0,1,0
Cc1ncc2n1-c1ccc(Cl)cc1C(c1ccccc1F)=NC2,1.4074394751,2,0,1,0
O=C(O)c1cc(/N=N/c2ccc(S(=O)(=O)Nc3ccccn3)cc2)ccc1O,1.1072449894,0,1,0,0
CN(C)CC/C=C1/c2ccccc2Sc2ccc(Cl)cc21,0.8331382786,0,1,0,0
CN1CCN(C2=Nc3ccccc3Oc3ccc(Cl)cc32)CC1,0.9313192531,0,1,0,0
Cc1nccn1CC1CCc2c(c3ccccc3n2C)C1=O,3.0151496032,2,0,1,0
CN1CCN(C2=Nc3cc(Cl)ccc3Nc3ccccc32)CC1,1.0839257311,0,1,0,0
CN(CCOc1ccc(CC2SC(=O)N=C2O)cc1)c1ccccn1,1.0664657976,0,1,0,0
CCOC(=O)C1=C(C)NC(C)=C(C(=O)OC)C1c1cccc(Cl)c1Cl,1.3911766435,0,1,0,0
CN1CCN2c3ccccc3Cc3ccccc3C2C1,1.8626705012,2,0,1,0
CC1COc2c(N3CCN(C)CC3)c(F)cc3c(=O)c(C(=O)O)cn1c23,2.4787213993,2,0,1,0
Cn1c(=O)cc(N2CCCC(N)C2)n(Cc2ccccc2C#N)c1=O,14.9167557537,1,0,0,1
COCCCOc1ccnc(C[S+]([O-])c2nc3ccccc3[nH]2)c1C,6.6089542168,2,0,1,0
CNCCCN1c2ccccc2CCc2ccccc21,1.6589394287,2,0,1,0
COc1ccc2c(c1)C13CCCCC1C(C2)N(C)CC3,1.5623740297,2,0,1,0
N#CC1CC2CC2N1C(=O)C(N)C12CC3CC(CC(O)(C3)C1)C2,6.1414896488,2,0,1,0
COCCCN1CCC(/N=C(\O)c2cc(Cl)c(N)c3c2OCC3)CC1,7.7912803126,2,0,1,0
CCC/C(O)=N/c1ccc(OCC(O)CNC(C)C)c(C(C)=O)c1,2.8042371691,2,0,1,0
CC(C)NCC(O)COc1ccc(COCCOC(C)C)cc1,5.7286918204,2,0,1,0
O/C(=N/c1ccc(Oc2ccc(Cl)cc2)c(Cl)c1)c1cc(I)cc(I)c1O,0.8906536217,0,1,0,0
CS(=O)(=O)c1ccc(/C(O)=N/c2ccc(Cl)c(-c3ccccn3)c2)c(Cl)c1,3.092664975,2,0,1,0
COc1ccc2c(c1)c(CC(=O)O)c(C)n2C(=O)c1ccc(Cl)cc1,0.9755543842,0,1,0,0
CC(=O)CC(c1ccccc1)c1c(O)c2ccccc2oc1=O,0.9163068334,0,1,0,0
CCOC(=O)COc1ccc2c(=O)cc(-c3ccccc3)oc2c1,1.8941381737,2,0,1,0
N=C(N)Nc1ccc(C(=O)Oc2ccc3cc(C(=N)N)ccc3c2)cc1,1.7834543835,2,0,1,0
O=C(NCC1CN(c2ccc(N3CCOCC3=O)cc2)C(=O)O1)c1ccc(Cl)s1,14.1266647009,1,0,0,1
Clc1ccc2c(c1)CCc1cccnc1C2=C1CCNCC1,36.4742976184,1,0,0,1
COC(=O)C1=C(C#N)NC(C)=C(C(=O)OC(C)C)C1c1cccc([N+](=O)[O-])c1,2.0769265901,2,0,1,0
Fc1ccc(C2CCNCC2COc2ccc3c(c2)OCO3)cc1,2.7785858589,2,0,1,0
CCc1ccc(CCOc2ccc(CC3SC(=O)N=C3O)cc2)nc1,1.3556972383,0,1,0,0
CNCCCC1c2ccccc2C=Cc2ccccc21,2.2541234639,2,0,1,0
CNCCC=C1c2ccccc2CCc2ccccc21,1.2453105126,0,1,0,0
CN(C)CC/C=C1/c2ccccc2COc2ccccc21,1.0138969199,0,1,0,0
CN1CCN(CC(=O)N2c3ccccc3C(O)=Nc3cccnc32)CC1,0.962064262,0,1,0,0
NC1CCCCN(c2c(F)cc3c(=O)c(C(=O)O)cn(C4CC4)c3c2Cl)C1,6.3214053438,2,0,1,0
C=CCN1CCC23c4c5ccc(O)c4OC2C(=O)CCC3(O)C1C5,1.0940695815,0,1,0,0
COc1cc2nc(N3CCN(C(=O)c4ccco4)CC3)[nH]c(=N)c2cc1OC,3.1969214258,2,0,1,0
Cc1ccc(/C(=C\CN2CCCC2)c2ccccn2)cc1,1.4171986961,2,0,1,0
O=c1n(CCCN2CCN(c3cccc(Cl)c3)CC2)nc2ccccn12,1.0567363859,0,1,0,0
CC1CN(c2c(F)c(N)c3c(=O)c(C(=O)O)cn(C4CC4)c3c2F)CC(C)N1,3.1581528298,2,0,1,0
C[N+]1(C)C2CC(OC(=O)C(O)(c3cccs3)c3cccs3)CC1C1OC12,3.0355957268,2,0,1,0
COc1c(N2CCNC(C)C2)c(F)cc2c(=O)c(C(=O)O)cn(C3CC3)c12,5.1600732146,2,0,1,0
CN(C)CCCN1c2ccccc2CCc2ccc(Cl)cc21,2.0734926525,2,0,1,0
CN(C)CCCN1c2ccccc2CCc2ccccc21,0.7488700471,0,1,0,0
CC(CCc1ccccc1)NCC(O)c1ccc(O)c(C(=N)O)c1,19.5035089181,1,0,0,1
CCCN(CCc1cccs1)C1CCc2c(O)cccc2C1,1.6931354387,2,0,1,0
Cc1cc2ncc(/C(O)=N/CC(C)(C)NCC(=O)N3CCCC3C#N)cn2n1,4.6964027063,2,0,1,0
CC(C)CC(/N=C(\O)C(Cc1ccccc1)/N=C(/O)c1cnccn1)B(O)O,11.5508988651,1,0,0,1
COc1cc2c(cc1OC)C1CC(=O)C(CC(C)C)CN1CC2,1.3110673036,0,1,0,0
CC(C)C1CCC(/C(O)=N/C(Cc2ccccc2)C(=O)O)CC1,2.015436975,2,0,1,0
CC(/N=C(\O)C(O)C(C)C)/C(O)=N/C1C(=O)N(C)CCc2ccccc21,15.2226387247,1,0,0,1
CN(CCOc1ccc(NS(C)(=O)=O)cc1)CCc1ccc(NS(C)(=O)=O)cc1,19.3907044716,1,0,0,1
CC12CCC(=O)C=C1CCC1C2CCC2(C)C(O)CCC12,1.1770179712,0,1,0,0
C[N+]1(C)CCC(OC(=O)C(O)(c2ccccc2)C2CCCC2)C1,1.6979529782,2,0,1,0
OC(CCN1CCCC1)(c1ccccc1)C1CCCCC1,1.045096825,0,1,0,0
CCCC(NC(C)C(=O)N1C(C(=O)O)CC2CCCCC21)C(=O)OCC,1.3001806544,0,1,0,0
CCCCCCCCc1ccc(CCC(N)(CO)CO)cc1,1.6326994033,2,0,1,0
NC1C2CN(c3nc4c(cc3F)c(=O)c(C(=O)O)cn4-c3ccc(F)cc3F)CC12,3.4581044363,2,0,1,0
CSc1ccc(/C=C2/C(C)=C(CC(=O)O)c3cc(F)ccc32)cc1,1.3755332724,0,1,0,0
N=C(O)C(CCC(F)(F)F)N(Cc1ccc(-c2ncon2)cc1F)S(=O)(=O)c1ccc(Cl)cc1,1.6048377961,2,0,1,0
COc1ccc2cc3[n+](cc2c1OC)CCc1cc2c(cc1-3)OCO2,4.0248246888,2,0,1,0
COC(=O)N(C)c1c(N)nc(-c2nn(Cc3ccccc3F)c3ncccc23)[nH]c1=N,10.7652264648,1,0,0,1
CC1CCOC2Cn3cc(/C(O)=N/Cc4ccc(F)cc4F)c(=O)c(O)c3C(=O)N12,4.2983600227,2,0,1,0
CO/N=C(\N)c1ccc(-c2ccc(-c3ccc(/C(N)=N/OC)cc3)o2)cc1,1.2481582148,0,1,0,0
CN(C)CCC=C1c2ccccc2C=Cc2ccccc21,1.3676917608,0,1,0,0
CN(C)CCCC1(c2ccc(F)cc2)OCc2cc(C#N)ccc21,1.979765455,2,0,1,0
Cc1nnc(C(=O)NC(C)(C)c2nc(/C(O)=N\Cc3ccc(F)cc3)c(O)c(=O)n2C)o1,3.9530897614,2,0,1,0
c1ccc2c(c1)Sc1ccccc1N2CC1CN2CCC1CC2,3.0606283791,2,0,1,0
CN(Cc1cnc2nc(=N)[nH]c(N)c2n1)c1ccc(C(=O)NC(CCC(=O)O)C(=O)O)cc1,1.1168971385,0,1,0,0
CNCCCC12CCC(c3ccccc31)c1ccccc12,1.167327919,0,1,0,0
CN(C)CCC=C1c2ccccc2CCc2ccccc21,0.9604124721,0,1,0,0
O=C1CCC2(O)C3Cc4ccc(O)c5c4C2(CCN3CC2CC2)C1O5,1.334540892,0,1,0,0
C=CC1CN2CCC1CC2C(O)c1ccnc2ccc(OC)cc12,37.7559589635,1,0,0,1
COC(=O)C1=C(C)NC(C)=C(C(=O)OCC(C)C)C1c1ccccc1[N+](=O)[O-],1.1166059715,0,1,0,0
CCOC(Cc1ccc(OCCc2ccc(OS(C)(=O)=O)cc2)cc1)C(=O)O,1.6522413392,2,0,1,0
Cc1ccsc1C(=CCCN1CCCC(C(=O)O)C1)c1sccc1C,2.876688408,2,0,1,0
CCOC(=O)C1=C(COCCN)NC(C)=C(C(=O)OC)C1c1ccccc1Cl,20.2714035381,1,0,0,1
CC(CN(C)C)CN1c2ccccc2CCc2ccccc21,1.1158077623,0,1,0,0
CC1=C(/C=C/C(C)=C/C=C/C(C)=C/C(=O)O)C(C)(C)CCC1,0.8449244856,0,1,0,0
CCCCOc1cc(/C(O)=N\CCN(CC)CC)c2ccccc2n1,2.2969526808,2,0,1,0
CC(C)(C)NCC(O)COc1ccc(N/C(O)=N/C2CCCCC2)cc1,3.0609904743,2,0,1,0
CCCCCC(O)/C=C/C1C(O)CC(=O)C1CCCCCCC(=O)O,1.0432715935,0,1,0,0
CNC(=O)c1cc(Oc2ccc(N/C(O)=N/c3ccc(Cl)c(C(F)(F)F)c3)c(F)c2)ccn1,1.8892575965,2,0,1,0
O=C(O)c1ccc(-n2nc(-c3ccccc3O)nc2-c2ccccc2O)cc1,0.7370291887,0,1,0,0
C/N=C(/O)c1ccc(N2C(=S)N(c3ccc(C#N)c(C(F)(F)F)c3)C(=O)C2(C)C)cc1F,2.8336471973,2,0,1,0
CNC(=O)c1cc(Oc2ccc(N/C(O)=N/c3ccc(Cl)c(C(F)(F)F)c3)cc2)ccn1,1.2719743548,0,1,0,0
COc1ccc2c(c1)c(CC(=O)OCC(=O)O)c(C)n2C(=O)c1ccc(Cl)cc1,2.0514107007,2,0,1,0
CC(Oc1ccc(S(C)(=O)=O)cc1C(=O)N1CCN(c2ncc(C(F)(F)F)cc2F)CC1)C(F)(F)F,3.3087810038,2,0,1,0
CN1CCC(c2c(O)cc(O)c3c(=O)cc(-c4ccccc4Cl)oc23)C(O)C1,2.4757676109,2,0,1,0
OC1=Nc2cc(Cl)c(CCN3CCN(c4nsc5ccccc45)CC3)cc2C1,1.2999204793,0,1,0,0
CC(Oc1cc(-c2cnn(C3CCNCC3)c2)cnc1N)c1c(Cl)ccc(F)c1Cl,98.0461169499,1,0,0,1
O=C(CCCN1CCC(O)(c2ccc(Cl)cc2)CC1)c1ccc(F)cc1,0.8548989143,0,1,0,0
Cc1ccc(Nc2nccc(N(C)c3ccc4c(C)n(C)nc4c3)n2)cc1S(N)(=O)=O,35.3774181705,1,0,0,1
N=c1[nH]c(CC(=O)Nc2ccc(CCNCC(O)c3ccccc3)cc2)cs1,4.9110763873,2,0,1,0
COc1c(N2CC3CCCNC3C2)c(F)cc2c(=O)c(C(=O)O)cn(C3CC3)c12,6.4461526205,2,0,1,0
O=C(O)CCCN1CCC(OC(c2ccc(Cl)cc2)c2ccccn2)CC1,9.4171752523,2,0,1,0
O=C(O)COCCN1CCN(C(c2ccccc2)c2ccc(Cl)cc2)CC1,8.3849016304,2,0,1,0
CCOc1ccc(Cc2cc(C3OC(CO)C(O)C(O)C3O)ccc2Cl)cc1,10.2235672093,1,0,0,1
CN1CCCC1CCOC(C)(c1ccccc1)c1ccc(Cl)cc1,0.9465981887,0,1,0,0
CSc1ccc2c(c1)N(CCC1CCCCN1C)c1ccccc1S2,1.3859074954,0,1,0,0
OCCN1CCN(CCCN2c3ccccc3Sc3ccc(Cl)cc32)CC1,1.1416440289,0,1,0,0
COC(=O)C1C(O)CCC2CN3CCc4c([nH]c5ccccc45)C3CC21,1.4592410262,2,0,1,0
COCCOC(=O)C1=C(C)NC(C)=C(C(=O)OC(C)C)C1c1cccc([N+](=O)[O-])c1,1.6622450166,2,0,1,0
CCC(CO)/N=C(\O)C1C=C2c3cccc4c3c(cn4C)CC2N(C)C1,8.0407915048,2,0,1,0
CCCNCC(O)COc1ccccc1C(=O)CCc1ccccc1,2.8892182284,2,0,1,0
CC12C=CC(=O)C=C1CCC1C2C(O)CC2(C)C1CCC2(O)C(=O)CO,10.1385300578,1,0,0,1
OC(CCN1CCCCC1)(c1ccccc1)C1CC2C=CC1C2,1.1673712656,0,1,0,0
CC(C)N(CCC(C(=N)O)(c1ccccc1)c1ccccn1)C(C)C,22.6732902082,1,0,0,1
N=C(O)C1(N2CCCCC2)CCN(CCCC(=O)c2ccc(F)cc2)CC1,6.2617243211,2,0,1,0
CC12CCC(=O)C=C1CCC1C2C(O)CC2(C)C1CCC2(O)C(=O)CO,4.732797636,2,0,1,0
O=C1CC2(CCCC2)CC(=O)N1CCCCN1CCN(c2ncccn2)CC1,1.0308383319,0,1,0,0
NCCCCC(NC(CCc1ccccc1)C(=O)O)C(=O)N1CCCC1C(=O)O,0.7566191163,0,1,0,0
Clc1ccccc1C(c1ccccc1)(c1ccccc1)n1ccnc1,0.8762801852,0,1,0,0
c1ccc(-c2ccc(C(c3ccccc3)n3ccnc3)cc2)cc1,0.9302058405,0,1,0,0
Cc1cc(/C=C/C#N)cc(C)c1/N=c1\ccnc(Nc2ccc(C#N)cc2)[nH]1,1.5103431728,2,0,1,0
CCC(Nc1ncnc2[nH]cnc12)c1nc2cccc(F)c2c(=O)n1-c1ccccc1,44.0361888204,1,0,0,1
O=C1C(O)=C(C2CCC(c3ccc(Cl)cc3)CC2)C(=O)c2ccccc21,1.2496596968,0,1,0,0
CN1CC(=O)N2C(Cc3c([nH]c4ccccc34)C2c2ccc3c(c2)OCO3)C1=O,7.0513863521,2,0,1,0
Cc1c(/C(O)=N/N2CCCCC2)nn(-c2ccc(Cl)cc2Cl)c1-c1ccc(Cl)cc1,1.2172766367,0,1,0,0
CC(NCCCc1cccc(C(F)(F)F)c1)c1cccc2ccccc12,1.0990164224,0,1,0,0
CCCCc1nc(Cl)c(CO)n1Cc1ccc(-c2ccccc2-c2nn[nH]n2)cc1,3.3086331022,2,0,1,0
CCOC(=O)N1CCC(=C2c3ccc(Cl)cc3CCc3cccnc32)CC1,1.5126902709,2,0,1,0
COc1ccc2c(c1OC)C(=O)OC2C1c2c(cc3c(c2OC)OCO3)CCN1C,1.0701551964,0,1,0,0
Cc1ccc(/C(=C\CN2CCCC2)c2cccc(/C=C/C(=O)O)n2)cc1,10.1939273576,1,0,0,1
COc1cc2c(Nc3ccc(Br)cc3F)ncnc2cc1OCC1CCN(C)CC1,2.5929746955,2,0,1,0
Oc1nc2ccccc2n1CCCN1CCC(n2c(O)nc3cc(Cl)ccc32)CC1,22.0165689461,1,0,0,1
CCOc1cc(C(CS(C)(=O)=O)N2C(=O)c3cccc(/N=C(/C)O)c3C2=O)ccc1OC,37.1096989715,1,0,0,1
CC1c2cccc(O)c2C(=O)C2=C(O)C3(O)C(=O)C(C(=N)O)=C(O)C(N(C)C)C3C(O)C21,4.4814959571,2,0,1,0
OC(CNCC(O)C1CCc2cc(F)ccc2O1)C1CCc2cc(F)ccc2O1,1.5660258977,2,0,1,0
CCO/C(O)=N\c1ccc2c(c1)N(C(=O)CCN1CCOCC1)c1ccccc1S2,2.2369553407,2,0,1,0
COc1cc2c(c(OC)c1OC)-c1ccc(OC)c(=O)cc1C(/N=C(\C)O)CC2,1.9052934236,2,0,1,0
CN1CCCC1Cc1c[nH]c2ccc(CCS(=O)(=O)c3ccccc3)cc12,38.7512227813,1,0,0,1
Cc1nc(Nc2ncc(/C(O)=N/c3c(C)cccc3Cl)s2)cc(N2CCN(CCO)CC2)n1,15.3255382315,1,0,0,1
COc1ccc(C2Sc3ccccc3N(CCN(C)C)C(=O)C2OC(C)=O)cc1,3.3703113317,2,0,1,0
CC(C)N1CCC(N(C(=O)Cc2ccccc2)c2ccc(Cl)cc2)CC1,1.9089134032,2,0,1,0
CCN(CC)CC/N=C(\O)c1c(C)[nH]c(/C=C2\C(O)=Nc3ccc(F)cc32)c1C,4.4470943458,2,0,1,0
CC(C)Nc1cccnc1N1CCN(C(=O)c2cc3cc(NS(C)(=O)=O)ccc3[nH]2)CC1,16.1886026438,1,0,0,1
CC(C)c1nc(N(C)S(C)(=O)=O)nc(-c2ccc(F)cc2)c1/C=C/C(O)CC(O)CC(=O)O,1.4492888554,2,0,1,0
CC1CC2C3CCC4=CC(=O)C=CC4(C)C3(F)C(O)CC2(C)C1(O)C(=O)CO,8.6664513483,2,0,1,0
CC(C)OC(=O)C(C)NP(=O)(OCC1OC(n2ccc(O)nc2=O)C(C)(F)C1O)Oc1ccccc1,2.6722738095,2,0,1,0
CCCc1nn(C)c2c(=O)[nH]c(-c3cc(S(=O)(=O)N4CCN(C)CC4)ccc3OCC)nc12,9.4605021511,2,0,1,0
CC1CC2C(C(O)CC3(C)C2CCC3(O)C(=O)CO)C2(C)C=CC(=O)C=C12,21.1600254797,1,0,0,1
CCCS(=O)(=O)Nc1ccc(F)c(C(=O)c2c[nH]c3ncc(-c4ccc(Cl)cc4)cc23)c1F,9.4694774124,2,0,1,0
Cc1ccc(-n2nccn2)c(C(=O)N2CCN(c3nc4cc(Cl)ccc4o3)CCC2C)c1,1.6883664703,2,0,1,0
CCC1(O)C(=O)OCc2c1cc1n(c2=O)Cc2cc3c(CN(C)C)c(O)ccc3nc2-1,1.2189711648,0,1,0,0
C#CCC(Cc1cnc2nc(=N)[nH]c(N)c2n1)c1ccc(C(=O)NC(CCC(=O)O)C(=O)O)cc1,0.555828288,0,1,0,0
COc1cc2nc(N3CCN(C(=O)C4COc5ccccc5O4)CC3)[nH]c(=N)c2cc1OC,3.4700678113,2,0,1,0
O=C(CCCN1CCC2(CC1)C(O)=NCN2c1ccccc1)c1ccc(F)cc1,4.3520961325,2,0,1,0
COc1ccc(C/N=c2/[nH]c(N3CCCC3CO)ncc2/C(O)=N/Cc2ncccn2)cc1Cl,7.0353302404,2,0,1,0
OC1=Nc2cc(OCCCCN3CCN(c4cccc(Cl)c4Cl)CC3)ccc2CC1,1.1645891712,0,1,0,0
Cc1nc2n(c(=O)c1CCN1CCC(c3noc4cc(F)ccc34)CC1)CCCC2,9.4436649029,2,0,1,0
Cc1nc2n(c(=O)c1CCN1CCC(c3noc4cc(F)ccc34)CC1)CCCC2O,11.603439083,1,0,0,1
OCC1OC(c2ccc(Cl)c(Cc3ccc(OC4CCOC4)cc3)c2)C(O)C(O)C1O,6.0593773738,2,0,1,0
COc1ccc(Cl)cc1/C(O)=N\CCc1ccc(S(=O)(=O)N/C(O)=N/C2CCCCC2)cc1,9.5548610705,1,0,0,1
COc1cc(N)c(Cl)cc1/C(O)=N/C1CCN(CCCOc2ccc(F)cc2)CC1OC,1.6233252273,2,0,1,0
CCCc1nc(C)c2c(=O)nc(-c3cc(S(=O)(=O)N4CCN(CC)CC4)ccc3OCC)[nH]n12,41.2333042144,1,0,0,1
CC1CNc2c(cccc2S(=O)(=O)NC(CCCNC(=N)N)C(=O)N2CCC(C)CC2C(=O)O)C1,0.9099232807,0,1,0,0
CCC(C)C(=O)OC1CC(O)C=C2C=CC(C)C(CCC(O)CC(O)CC(=O)O)C21,1.8421461391,2,0,1,0
OCCOc1ccc(/C(=C(/CCCl)c2ccccc2)c2ccccc2)cc1,1.0585220847,0,1,0,0
CN(C)C/C=C\C(O)=N\c1cc2c(Nc3ccc(F)c(Cl)c3)ncnc2cc1OC1CCOC1,11.6409943146,1,0,0,1
CCCc1nc(C(C)(C)O)c(C(=O)O)n1Cc1ccc(-c2ccccc2-c2nn[nH]n2)cc1,4.4149336575,2,0,1,0
CC(C)n1c(/C=C/C(O)CC(O)CC(=O)O)c(-c2ccc(F)cc2)c2ccccc21,1.1287643572,0,1,0,0
COc1ccccc1OCCNCC(O)COc1cccc2[nH]c3ccccc3c12,3.1348407562,2,0,1,0
CC(C)(C)c1cc(C(C)(C)C)c(/N=C(\O)c2c[nH]c3ccccc3c2=O)cc1O,42.8420384045,1,0,0,1
CCc1cc2c(cc1CC)CC(NCC(O)c1ccc(O)c3nc(O)ccc13)C2,17.562383304,1,0,0,1
CC(=O)c1c(C)c2cnc(Nc3ccc(N4CCNCC4)cn3)nc2n(C2CCCC2)c1=O,16.0082557185,1,0,0,1
COc1cc2c(cc1OC)C(=O)C(CC1CCN(Cc3ccccc3)CC1)C2,1.3409254975,0,1,0,0
CCCCC(=O)N(Cc1ccc(-c2ccccc2-c2nn[nH]n2)cc1)C(C(=O)O)C(C)C,1.9609847114,2,0,1,0
CCN1CC(CCN2CCOCC2)C(c2ccccc2)(c2ccccc2)C1=O,3.1153517991,2,0,1,0
CN1CCc2nc(C(=O)NC3CC(C(=O)N(C)C)CCC3NC(=O)C(=O)Nc3ccc(Cl)cn3)sc2C1,20.5496698732,1,0,0,1
COC(=O)C1CC2=CC(=O)CCC2(C)C23OC2CC2(C)C(CCC24CCC(=O)O4)C13,2.3625679265,2,0,1,0
COc1ccccc1OCC(O)CN1CCN(C/C(O)=N/c2c(C)cccc2C)CC1,10.7053326681,1,0,0,1
OCc1cc(C(O)CNCCCCCCOCCOCc2c(Cl)cccc2Cl)ccc1O,3.8182654232,2,0,1,0
CCC(C)C(=O)OC1CC(C)C=C2C=CC(C)C(CCC3CC(O)CC(=O)O3)C21,1.7257974271,2,0,1,0
OCCN(CCO)c1nc(N2CCCCC2)c2nc(N(CCO)CCO)nc(N3CCCCC3)c2n1,18.9079321934,1,0,0,1
O=C(O)CC1CCC(c2ccc(-c3ccc(Nc4ccc(C(F)(F)F)nc4)cn3)cc2)CC1,4.2173471629,2,0,1,0
C=CC(=O)N1CCCC(n2nc(-c3ccc(Oc4ccccc4)cc3)c3c(N)ncnc32)C1,2.9028551596,2,0,1,0
O=C(O)CC(O)CC(O)/C=C/c1c(C2CC2)nc2ccccc2c1-c1ccc(F)cc1,2.0434801057,2,0,1,0
Cn1c(CNc2ccc(C(=N)N)cc2)nc2cc(C(=O)N(CCC(=O)O)c3ccccn3)ccc21,0.9205424178,0,1,0,0
COc1ccc(-n2nc(C(=N)O)c3c2C(=O)N(c2ccc(N4CCCCC4=O)cc2)CC3)cc1,1.6322576776,2,0,1,0
CC1(COc2ccc(N3CCC(Oc4ccc(OC(F)(F)F)cc4)CC3)cc2)Cn2cc([N+](=O)[O-])nc2O1,0.9082116832,0,1,0,0
CCN1CCN(/C(O)=N/C(/C(O)=N/C2C(=O)N3C(C(=O)O)=C(CSc4nnnn4C)CSC23)c2ccc(O)cc2)C(=O)C1=O,1.5596886778,2,0,1,0
CCCCC1=NC2(CCCC2)C(=O)N1Cc1ccc(-c2ccccc2-c2nn[nH]n2)cc1,21.935192301,1,0,0,1
CC#CCn1c(N2CCCC(N)C2)nc2c1c(=O)n(Cc1nc(C)c3ccccc3n1)c(=O)n2C,5.7745452845,2,0,1,0
CCCCc1oc2ccccc2c1C(=O)c1cc(I)c(OCCN(CC)CC)c(I)c1,3.6100881584,2,0,1,0
CCC(=O)OC1(C(=O)SCF)C(C)CC2C3CC(F)C4=CC(=O)C=CC4(C)C3(F)C(O)CC21C,4.2549065161,2,0,1,0
CCc1nn(CCCN2CCN(c3cccc(Cl)c3)CC2)c(=O)n1CCOc1ccccc1,1.3898264843,0,1,0,0
CC(Cc1cc2c(c(C(=N)O)c1)N(CCCO)CC2)NCCOc1ccccc1OCC(F)(F)F,5.7137956968,2,0,1,0
CCCC1OC2CC3C4CCC5=CC(=O)C=CC5(C)C4C(O)CC3(C)C2(C(=O)CO)O1,3.2204527633,2,0,1,0
CC(C)CN(CC(O)C(Cc1ccccc1)/N=C(\O)OC1CCOC1)S(=O)(=O)c1ccc(N)cc1,102.9549906116,1,0,0,1
CCC(C)(C)C(=O)OC1CC(C)C=C2C=CC(C)C(CCC3CC(O)CC(=O)O3)C21,1.5467568135,2,0,1,0
C/C(O)=N\c1cccc(-n2c(=O)n(C3CC3)c(=O)c3c(Nc4ccc(I)cc4F)n(C)c(=O)c(C)c32)c1,320.5362767087,1,0,0,1
Cc1ccccc1C(=O)Nc1ccc(C(=O)N2CCCC(O)c3cc(Cl)ccc32)c(C)c1,30.9768459539,1,0,0,1
CN(C)CCOc1ccc(/C(=C(/CCCl)c2ccccc2)c2ccccc2)cc1,1.5948545126,2,0,1,0
CC(=O)N1CCN(c2ccc(OCC3COC(Cn4ccnc4)(c4ccc(Cl)cc4Cl)O3)cc2)CC1,10.1626555417,1,0,0,1
CC/C(=C(\c1ccccc1)c1ccc(OCCN(C)C)cc1)c1ccccc1,1.0275078056,0,1,0,0
COc1cc(/N=c2\c(C#N)c[nH]c3cc(OCCCN4CCN(C)CC4)c(OC)cc23)c(Cl)cc1Cl,31.6680859095,1,0,0,1
COC(=O)C1=C(C)NC(C)=C(C(=O)OCCN(C)Cc2ccccc2)C1c1cccc([N+](=O)[O-])c1,5.0260778098,2,0,1,0
CC(=O)OC1CCC2(C)C(=CCC3C2CCC2(C)C(c4cccnc4)=CCC32)C1,0.9500728543,0,1,0,0
COCCOC(=O)C1=C(C)NC(C)=C(C(=O)OC/C=C/c2ccccc2)C1c1cccc([N+](=O)[O-])c1,2.1454129663,2,0,1,0
COc1cccc2c1C(=O)c1c(O)c3c(c(O)c1C2=O)CC(O)(C(C)=O)CC3OC1CC(N)C(O)C(C)O1,24.5140203011,1,0,0,1
COc1ccc2c(c1)C(=O)N(CCc1ccc(S(=O)(=O)N/C(O)=N\C3CCCCC3)cc1)C(=O)C2(C)C,15.5339910982,1,0,0,1
COc1cc2c(cc1OC)CC(=O)N(CCCN(C)CC1Cc3cc(OC)c(OC)cc31)CC2,75.8459761747,1,0,0,1
CC(C)CN(CC(O)C(Cc1ccccc1)/N=C(\O)OC1COC2OCCC12)S(=O)(=O)c1ccc(N)cc1,29.1450700553,1,0,0,1
COc1ccc(CCN(C)CCCC(C#N)(c2ccc(OC)c(OC)c2)C(C)C)cc1OC,8.2180323787,2,0,1,0
C/C(=C\c1csc(C)n1)C1CC2OC2(C)CCCC(C)C(O)C(C)C(=O)C(C)(C)C(O)C/C(O)=N\1,5.0599275436,2,0,1,0
Cc1cn(-c2cc(/N=C(\O)c3ccc(C)c(Nc4nccc(-c5cccnc5)n4)c3)cc(C(F)(F)F)c2)cn1,13.7164622783,1,0,0,1
COc1cc2nccc(Oc3ccc(NC(=O)C4(C(=O)Nc5ccc(F)cc5)CC4)cc3)c2cc1OC,4.2503125396,2,0,1,0
COc1ccc(CCN2CCC(/N=c3/[nH]c4ccccc4n3Cc3ccc(F)cc3)CC2)cc1,9.2465183928,2,0,1,0
Oc1ccc2c(c1)CCC(c1ccccc1)C2c1ccc(OCCN2CCCC2)cc1,1.7192347477,2,0,1,0
C=C/C(O)=N\c1cc(Nc2nccc(-c3cn(C)c4ccccc34)n2)c(OC)cc1N(C)CCN(C)C,1.9101998806,2,0,1,0
O=C1C2C3CCC(C3)C2C(=O)N1CC1CCCCC1CN1CCN(c2nsc3ccccc23)CC1,2.6008565037,2,0,1,0
Cc1cc(Nc2ncc(Cl)/c(=N/c3ccccc3S(=O)(=O)C(C)C)[nH]2)c(OC(C)C)cc1C1CCNCC1,105.9828944264,1,0,0,1
CS(=O)(=O)CCNCc1ccc(-c2ccc3ncnc(Nc4ccc(OCc5cccc(F)c5)c(Cl)c4)c3c2)o1,9.1787951794,2,0,1,0
Cc1ccc(C(=O)Nc2ccc(CN3CCN(C)CC3)c(C(F)(F)F)c2)cc1C#Cc1cnc2cccnn12,5.8060794503,2,0,1,0
Cc1ccc(NC(=O)c2ccc(CN3CCN(C)CC3)cc2)cc1Nc1nccc(-c2cccnc2)n1,17.4309754219,1,0,0,1
Cc1cc(OCCCS(C)(=O)=O)cc(C)c1-c1cccc(COc2ccc3c(c2)OCC3CC(=O)O)c1,1.7686536144,2,0,1,0
COc1cc(C2c3cc4c(cc3C(OC3OC5COC(C)OC5C(O)C3O)C3COC(=O)C23)OCO4)cc(OC)c1O,8.8867591228,2,0,1,0
CN(C)C(=O)C(CCN1CCC(O)(c2ccc(Cl)cc2)CC1)(c1ccccc1)c1ccccc1,73.1037517606,1,0,0,1
CCO/C(O)=N/C1CCC2C(C1)CC1C(=O)OC(C)C1C2/C=C/c1ccc(-c2cccc(F)c2)cn1,1.6278204891,2,0,1,0
OC(c1ccccc1)(c1ccccc1)C12CC[N+](CCOCc3ccccc3)(CC1)CC2,0.2929759116,0,1,0,0
COCC(=O)OC1(CCN(C)CCCc2nc3ccccc3[nH]2)CCc2cc(F)ccc2C1C(C)C,16.4936240803,1,0,0,1
CN(C)c1cc(/N=C(\O)CNC(C)(C)C)c(O)c2c1CC1CC3C(N(C)C)C(O)=C(C(=N)O)C(=O)C3(O)C(O)=C1C2=O,1.9280317201,2,0,1,0
COC(=O)CC(O)(CCCC(C)(C)O)C(=O)OC1C(OC)=CC23CCCN2CCc2cc4c(cc2C13)OCO4,11.8146891949,1,0,0,1
CCC1CN2CCc3cc(OC)c(OC)cc3C2CC1CC1NCCc2cc(OC)c(OC)cc21,33.1014882327,1,0,0,1
Cc1nnc(C(C)C)n1C1CC2CCC(C1)N2CCC(/N=C(/O)C1CCC(F)(F)CC1)c1ccccc1,2.0186991754,2,0,1,0
CC(C)c1cc(C(C)C)c(C/C(O)=N/S(=O)(=O)Oc2c(C(C)C)cccc2C(C)C)c(C(C)C)c1,32.1650180296,1,0,0,1
CCCCCCCCCCCC(CC1OC(=O)C1CCCCCC)OC(=O)C(CC(C)C)/N=C/O,14.6147844882,1,0,0,1
CC(=O)OC1(C(C)=O)CCC2C3CCC4=CC(=O)CCC4=C3C(c3ccc(N(C)C)cc3)CC21C,1.8500008588,2,0,1,0
COCCCOc1cc(CC(CC(N)C(O)CC(/C(O)=N\CC(C)(C)C(=N)O)C(C)C)C(C)C)ccc1OC,0.6689658971,0,1,0,0
CCCCc1oc2ccc(NS(C)(=O)=O)cc2c1C(=O)c1ccc(OCCCN(CCCC)CCCC)cc1,10.553479029,1,0,0,1
CC(C)(C(=O)O)c1ccc(C(O)CCCN2CCC(C(O)(c3ccccc3)c3ccccc3)CC2)cc1,3.0584456244,2,0,1,0
CC(C)CC1C(=O)N2CCCC2C2(O)OC(/N=C(\O)C3C=C4c5cccc6[nH]c(Br)c(c56)CC4N(C)C3)(C(C)C)C(=O)N12,22.335944066,1,0,0,1
CC(C)(C)c1ccc(C(O)CCCN2CCC(C(O)(c3ccccc3)c3ccccc3)CC2)cc1,6.0125029535,2,0,1,0
Cc1c(O)cccc1/C(O)=N\C(CSc1ccccc1)C(O)CN1CC2CCCCC2CC1/C(O)=N\C(C)(C)C,150.6276879366,1,0,0,1
CC(C)c1c(/C(O)=N/c2ccccc2)c(-c2ccccc2)c(-c2ccc(F)cc2)n1CCC(O)CC(O)CC(=O)O,10.386758524,1,0,0,1
CCc1c2c(nc3ccc(OC(=O)N4CCC(N5CCCCC5)CC4)cc13)-c1cc3c(c(=O)n1C2)COC(=O)C3(O)CC,5.5403401221,2,0,1,0
COC(=O)C1C2CC3c4[nH]c5cc(OC)ccc5c4CCN3CC2CC(OC(=O)c2cc(OC)c(OC)c(OC)c2)C1OC,3.2234501388,2,0,1,0
COc1cccc(C2OC(CC(=O)N3CCC(CC(=O)O)CC3)C(=O)N(CC(C)(C)COC(C)=O)c3ccc(Cl)cc32)c1OC,7.5612955537,2,0,1,0
CC(C)(O)c1ccccc1CCC(SCC1(CC(=O)O)CC1)c1cccc(/C=C/c2ccc3ccc(Cl)cc3n2)c1,2.3619375121,2,0,1,0
CCC(C)n1ncn(-c2ccc(N3CCN(c4ccc(OCC5COC(Cn6cncn6)(c6ccc(Cl)cc6Cl)O5)cc4)CC3)cc2)c1=O,2.4219855182,2,0,1,0
CC(C)(C)/N=C(/O)C1CN(Cc2cccnc2)CCN1CC(O)CC(Cc1ccccc1)/C(O)=N/C1c2ccccc2CC1O,2.9560968893,2,0,1,0
CCCC(/N=C(/O)C1C2CCCC2CN1C(=O)C(/N=C(\O)C(/N=C(\O)c1cnccn1)C1CCCCC1)C(C)(C)C)C(=O)C(=O)NC1CC1,11.2839716043,1,0,0,1
CCC(C(C)O)n1ncn(-c2ccc(N3CCN(c4ccc(OCC5COC(Cn6cncn6)(c6ccc(F)cc6F)C5)cc4)CC3)cc2)c1=O,199.8413757765,1,0,0,1
CC(C)c1nc(CN(C)/C(O)=N/C(/C(O)=N/C(Cc2ccccc2)CC(O)C(Cc2ccccc2)/N=C(\O)OCc2cncs2)C(C)C)cs1,3.6439528243,2,0,1,0
CCC1OC(=O)C(C)C(OC2CC(C)(OC)C(O)C(C)O2)C(C)C(OC2OC(C)CC(N(C)C)C2O)C(C)(O)CC(C)C(=O)C(C)C(O)C1(C)O,0.4983200839,0,1,0,0
CC(C)(C)/N=C(\O)C1CC2CCCCC2CN1CC(O)C(Cc1ccccc1)/N=C(\O)C(CC(=N)O)NC(=O)c1ccc2ccccc2n1,0.6545979109,0,1,0,0
CCC1OC(=O)C(C)C(OC2CC(C)(OC)C(O)C(C)O2)C(C)C(OC2OC(C)CC(N(C)C)C2O)C(C)(OC)CC(C)C(=O)C(C)C(O)C1(C)O,49.4911578367,1,0,0,1
CCC1OC(=O)C(C)C(OC2CC(C)(OC)C(O)C(C)O2)C(C)C(OC2OC(C)CC(N(C)C)C2O)C(C)(O)CC(C)CN(C)C(C)C(O)C1(C)O,0.7635696031,0,1,0,0
O/C(=N\C1CCN(CCCCC2(/C(O)=N/CC(F)(F)F)c3ccccc3-c3ccccc32)CC1)c1ccccc1-c1ccc(C(F)(F)F)cc1,24.889015889,1,0,0,1
CO/C(O)=N/C(C(=O)N1CCCC1c1ncc(-c2ccc(-c3ccc(-c4cnc(C5CCCN5C(=O)C(/N=C(\O)OC)C(C)C)[nH]4)cc3)cc2)[nH]1)C(C)C,35.5824336463,1,0,0,1
COc1ccc2c(OC3CC4/C(O)=N\C5(C(=O)O)CC5/C=C\CCCCCC(/N=C(/O)OC5CCCC5)C(=O)N4C3)cc(-c3cs/c(=N\C(C)C)[nH]3)nc2c1,6.6176896453,2,0,1,0
CC(C)c1nc(CN(C)/C(O)=N\C(CCN2CCOCC2)/C(O)=N\C(CCC(Cc2ccccc2)/N=C(\O)OCc2cncs2)Cc2ccccc2)cs1,9.2817057085,2,0,1,0
CC1OC(OC2C(O)CC(OC3C(O)CC(OC4CCC5(C)C(CCC6C5CC(O)C5(C)C(C7=CC(=O)OC7)CCC65O)C4)OC3C)OC2C)CC(O)C1O,9.1446973006,2,0,1,0
COC1/C=C\OC2(C)Oc3c(C)c(O)c4c(O)c(c5c(nc6cc(C)ccn65)c4c3C2=O)/N=C(O)\C(C)=C/C=C\C(C)C(O)C(C)C(O)C(C)C(OC(C)=O)C1C,2.7626657211,2,0,1,0
CC(=O)OC12COC1CC(O)C1(C)C(=O)C(O)C3=C(C)C(OC(=O)C(O)C(/N=C(/O)OC(C)(C)C)c4ccccc4)CC(O)(C(OC(=O)c4ccccc4)C21)C3(C)C,1.0094496163,0,1,0,0
COC1/C=C\OC2(C)Oc3c(C)c(O)c4c(O)c(c(/C=N/N5CCN(C)CC5)c(O)c4c3C2=O)/N=C(O)\C(C)=C/C=C\C(C)C(O)C(C)C(O)C(C)C(OC(C)=O)C1C,21.6506058544,1,0,0,1
C=CCC1/C=C(/C)CC(C)CC(OC)C2OC(O)(C(=O)C(=O)N3CCCCC3C(=O)OC(/C(C)=C/C3CCC(O)C(OC)C3)C(C)C(O)CC1=O)C(C)CC2OC,131.4719383913,1,0,0,1
CC(=O)OC1C(=O)C2(C)C(O)CC3OCC3(OC(C)=O)C2C(OC(=O)c2ccccc2)C2(O)CC(OC(=O)C(O)C(/N=C(\O)c3ccccc3)c3ccccc3)C(C)=C1C2(C)C,0.7280158863,0,1,0,0
CO/C(O)=N/C(C(=O)N1CCCC1C(=O)Nc1ccc(C2CCC(c3ccc(NC(=O)C4CCCN4C(=O)C(/N=C(\O)OC)C(C)C)cc3)N2c2ccc(C(C)(C)C)cc2)cc1)C(C)C,0.9940512771,0,1,0,0
COC1CC2CCC(C)C(O)(O2)C(=O)C(=O)N2CCCCC2C(=O)OC(C(C)CC2CCC(O)C(OC)C2)CC(=O)C(C)/C=C(/C)C(O)C(OC)C(=O)C(C)CC(C)/C=C\C=C/C=C\1C,36.1957140962,1,0,0,1
CCC(C)C1OC2(CCC1C)CC1CC(C/C=C(/C)C(OC3CC(OC)C(OC4CC(OC)C(O)C(C)O4)C(C)O3)C(C)/C=C\C=C3\COC4C(O)C(C)=CC(C(=O)O1)C34O)O2,5.1407480191,2,0,1,0
COC(=O)c1ccccc1-c1c2ccc(=N)cc-2oc2cc(N)ccc12,0.7483658771,0,1,0,0
CCC(CO)/N=c1\nc2c(ncn2C(C)C)c(NCc2ccccc2)[nH]1,8.6371938481,2,0,1,0
CCc1cccc2cc(C(O)CNC(C)(C)C)oc12,1.1590172632,0,1,0,0
C/C(O)=N\C(CC(C)C)/C(O)=N/C(CC(C)C)/C(O)=N/C(C=O)CCCNC(=N)N,1.0532188203,0,1,0,0
CCC1=CC2CN3CCc4c([nH]c5ccccc45)C(C(=O)OC)(C2)C13,0.8860341692,0,1,0,0
CC12CCC(=O)C=C1CCC1C2C(O)CC2(C)C(C(=O)CO)CCC12,1.2752023425,0,1,0,0
CC12CCC(O)CC1CCC1C2CC(O)C2(C)C(C3=CC(=O)OC3)CCC12O,9.8487087618,1,0,0,1
CCC12C=CCN3CCC4(c5ccc(OC)cc5N(C)C4C(O)(C(=O)OC)C1OC(C)=O)C32,15.5197701999,1,0,0,1
C/C(=C\c1csc(C)n1)C1CC2OC2CCCC(C)C(O)C(C)C(=O)C(C)(C)C(O)CC(=O)O1,17.885592214,1,0,0,1
CC1OC(=O)C(C(C)C)/N=C(/O)C(C(C)C)OC(=O)C(C(C)C)/N=C(/O)C(C)OC(=O)C(C(C)C)/N=C(/O)C(C(C)C)OC(=O)C(C(C)C)/N=C(/O)C(C)OC(=O)C(C(C)C)/N=C(/O)C(C(C)C)OC(=O)C(C(C)C)/N=C\1O,52.0653893508,1,0,0,1
Cc1ccc2nc(NCCN)c3ncc(C)n3c2c1,2.3796194381,2,0,1,0
CCC(=O)N1CCN(C(=O)c2ccccc2)CC1,1.3690730378,0,1,0,0
CCc1cccc2c1N(C)Cc1cc3c(cc1-2)OCO3,1.0519171307,0,1,0,0
C/N=c1\[nH]c(Nc2ccc(C(=O)N3CCOCC3)cc2OC)ncc1Cl,2.0731740658,2,0,1,0
CC(/C=C/C(O)=N/O)=C\C(C)C(=O)c1ccc(N(C)C)cc1,1.447682869,2,0,1,0
CN(Cc1ccccc1)c1ccc2cc(C(=O)O)c(=O)oc2c1,1.3912528018,0,1,0,0
O=C(O)c1cc(C(F)(F)F)ccc1N1CCC(OCc2ccccn2)C1,1.2915505405,0,1,0,0
CCOc1cccc(/N=C(\O)c2ccc(N3CCCC3)c(C(F)(F)F)c2)c1,0.8506223104,0,1,0,0
Cc1cc(C(C)Nc2ccccc2)c2nc(N3CCOCC3)cc(=O)n2c1,1.501159954,2,0,1,0
Cc1nc(C)c(-c2ccc(C3CCC(CC(=O)O)CC3)cc2)nc1C(=N)O,1.642395307,2,0,1,0
OCCN(CCc1c[nH]c2ccccc12)Cc1ccc(/C=C/C(O)=N/O)cc1,7.3583755197,2,0,1,0
OC1(CN2CCC(COc3noc4cccc(OC5CCOC5)c34)CC2)CCOCC1,2.6054082969,2,0,1,0
COc1ccc2c(c1)CC(/C(O)=N\c1ccc(-c3cn[nH]c3)cc1OCCN(C)C)CO2,3.6092603678,2,0,1,0
c1ccc(-c2nn3c(c2-c2ccnc4cc(OCCN5CCOCC5)ccc24)CCC3)nc1,9.7653782323,1,0,0,1
NC(Cc1ccccc1F)C(=O)O,1.845421504,2,0,1,0
Oc1c(Br)cc(Cl)cc1Cc1cc(Cl)cc(Br)c1O,1.3082367373,0,1,0,0
CC1(/C(O)=N/c2ccc(O)c(Cl)c2Cl)CCCCC1,0.8604073217,0,1,0,0
CCN1CCCC1C/N=C(\O)c1c(O)c(Cl)cc(Cl)c1O,3.2410486116,2,0,1,0
Fc1ccc(Oc2ccnc3cc(Cl)cc(Cl)c23)cc1,1.2498196554,0,1,0,0
N#CC(=C\c1ccc(O)c(O)c1)/C(O)=N/c1ccccc1,0.5128704289,0,1,0,0
