smiles,value
Sc1ncnc2[nH]cnc12,9.0017660674
CS(=O)(=O)OCCCCOS(C)(=O)=O,209.8510031355
Cn1c(=O)c2nc[nH]c2n(C)c1=O,117.7624789528
NS(=O)(=O)c1cc2c(cc1Cl)NCNS2(=O)=O,6.4183993008
Cc1ncc([N+](=O)[O-])n1CC(C)O,154.8578125485
N=c1[nH]c2ccc(OC(F)(F)F)cc2s1,56.4177842869
O=C1N=C(O)CN1/N=C/c1ccc([N+](=O)[O-])o1,11.5990463466
N=C(N)N/N=C/c1c(Cl)cccc1Cl,118.140007353
CCc1cc(C(=N)S)ccn1,39.0979320543
N=c1nc(O)n(C2CSC(CO)O2)cc1F,10.0687509968
N=c1ccn(C2CSC(CO)O2)c(O)n1,5.7004597068
N=c1nc(O)c2ncn(COCCO)c2[nH]1,10.5872975643
N=c1ncn(C2CC(O)C(CO)O2)c(O)n1,15.2753886573
CCC(C(=N)O)N1CCCC1=O,23.95899009
OCCN1CC(O)C(O)C(O)C1CO,0
N=c1nnc(-c2cccc(Cl)c2Cl)c(N)[nH]1,106.419986647
O=S(=O)(NC(CO)C(C(F)(F)F)C(F)(F)F)c1ccc(Cl)s1,69.8150865206
CC(=O)Oc1ccccc1C(=O)O,7.4867534975
Clc1cccc(Cl)c1NC1=NCCN1,205.8042656206
N=C(N)/N=C(\O)Cc1c(Cl)cccc1Cl,30.2792274861
N=c1nc(O)c2ncn(COC(CO)CO)c2[nH]1,7.2635077985
CC(Cn1cnc2c(N)ncnc21)OCP(=O)(O)O,0
N=c1[nH]c(N2CCCCC2)cc(N)[n+]1[O-],13.9804432533
NCC1(CC(=O)O)CCCCC1,12.9545935501
CN(C)c1nc(N(C)C)nc(N(C)C)n1,228.079022849
N=C(O)c1cn(Cc2c(F)cccc2F)nn1,243.3505733113
O=c1nc(O)c(C(F)(F)F)cn1C1CC(O)C(CO)O1,8.5416543691
NCC(CC(=O)O)c1ccc(Cl)cc1,7.6173014486
CCOc1ccc(/N=C(\C)O)cc1,228.0114176722
Cc1cn(C2CC(N=[N+]=[N-])C(CO)O2)c(=O)nc1O,20.5644774606
Cc1cn(C2CC(O)C(CO)O2)c(=O)nc1O,8.1316108906
C/N=C(\NC#N)NCCSCc1[nH]cnc1C,5.6466227761
NC12CC3CC(CC(C3)C1)C2,228.251923421
CCCNC1CCc2[nH]c(=N)sc2C1,127.3674420352
Cc1cc(=O)n(-c2ccccc2)n1C,244.5224778802
CC1CNCCc2ccc(Cl)cc21,211.1720394372
CCC(C(=N)O)(C(=N)O)c1ccccc1,48.6143254111
CCC1C(=O)OCC1Cc1cncn1C,79.4117624243
CNC(C)(C)Cc1ccccc1,239.5403016291
Cc1cccc(C)c1OCC(C)N,270.4502521031
Nc1ncnc2c1ncn2Cc1c(F)cccc1Cl,125.2692906319
Cc1oncc1C(=O)Nc1ccc(C(F)(F)F)cc1,74.326087579
C/C(O)=C(\C#N)C(=O)Nc1ccc(C(F)(F)F)cc1,0.8786525994
Cc1ccc(=O)n(-c2ccccc2)c1,185.0193986941
NS(=O)(=O)c1cc(C(=O)O)c(NCc2ccco2)cc1Cl,0
CCc1nc(=N)[nH]c(N)c1-c1ccc(Cl)cc1,88.3567158384
CS(=O)(=O)c1ccc(C(O)C(CF)/N=C(/O)C(Cl)Cl)cc1,8.3931866811
COc1cc(NS(=O)(=O)c2ccc(N)cc2)nc(OC)n1,5.6514184798
C=C1C(CO)C(O)CC1n1cnc2c(O)nc(=N)[nH]c21,4.0523476185
CN(C)C(=O)Oc1cccc([N+](C)(C)C)c1,4.6993615306
CC(C)NCC(O)c1ccc(NS(C)(=O)=O)cc1,7.8970705568
CC12CC3CC(C)(C1)CC(N)(C3)C2,214.7345100603
CC1(C)OC2COC3(COS(N)(=O)=O)OC(C)(C)OC3C2O1,83.6053923202
Nc1cccc2c1C(=O)N(C1CCC(O)=NC1=O)C2=O,133.9106957792
OC(Cn1cncn1)(Cn1cncn1)c1ccc(F)cc1F,59.0047895478
c1cnc2cc3c(cc2n1)C1CNCC3C1,272.0533464562
N=c1c2c([nH]c3ccccc13)CCCC2,210.1735753342
Cc1cccc(C(C)c2cnc[nH]2)c1C,109.7417420074
CC1(c2nc3cccc(C(=N)O)c3[nH]2)CCCN1,27.5715095365
CC(NC(C)(C)C)C(=O)c1cccc(Cl)c1,209.3911424524
NC(Cc1ccc(N(CCCl)CCCl)cc1)C(=O)O,1.6826761236
CC(C)C(N)C(=O)OCCOCn1cnc2c(O)nc(=N)[nH]c21,4.185559566
CC(C)(C)NCC(O)c1ccc(O)c(CO)c1,3.1993150087
CN/C(=C\[N+](=O)[O-])NCCSCc1ccc(CN(C)C)o1,2.5115078179
O=C(O)c1ccc2nc(-c3cc(Cl)cc(Cl)c3)oc2c1,7.3194307995
OC1=Nc2ccc(Cl)cc2C(C#CC2CC2)(C(F)(F)F)O1,30.1234931437
O=C1CCCC(=O)C1C(=O)c1ccc(C(F)(F)F)cc1[N+](=O)[O-],43.9187619092
O=C(O)Cc1ccccc1Nc1c(Cl)cccc1Cl,4.6542651625
NS(=O)(=O)c1cc(C2(O)N=C(O)c3ccccc32)ccc1Cl,6.0313894649
Cc1ccc(C(=O)c2cc(O)c(O)c([N+](=O)[O-])c2)cc1,11.0129300066
Cc1cnc(/N=C(\O)C2=C(O)c3ccccc3S(=O)(=O)N2C)s1,1.4357144289
Clc1ccccc1CN1CCc2sccc2C1,67.7299550066
COc1ccc2cc(C(C)C(=O)O)ccc2c1,6.2493636759
Cc1nnc(SCC2=C(C(=O)O)N3C(=O)C(/N=C(/O)Cn4cnnn4)C3SC2)s1,1.8291056512
CCN(CC)C(=O)/C(C#N)=C/c1cc(O)c(O)c([N+](=O)[O-])c1,1.6434697392
CCOC(=O)c1cncn1C(C)c1ccccc1,98.4486420877
CC(C)(C)C(O)/C=C/c1ccc2c(c1)OCO2,73.6136495732
COc1cc(Cc2c[nH]c(=N)[nH]c2=N)cc(OC)c1OC,28.3412660868
O=C(O)CCCc1ccc(N(CCCl)CCCl)cc1,18.5555661406
CC(=O)OCC(CCn1cnc2c[nH]c(=N)nc21)COC(C)=O,26.4348732486
CC(C)NCC(O)COc1cccc2[nH]ccc12,109.3594514412
O/N=C(\O)CCCCCC/C(O)=N\c1ccccc1,22.3023421791
CNS(=O)(=O)Cc1ccc2[nH]cc(CCN(C)C)c2c1,8.7692392329
CCN(CC)C/C(O)=N/c1c(C)cccc1C,258.4638780714
CCN(CC)CC/N=C(/O)c1cc(Cl)c(N)cc1OC,113.4777266077
CC(C)NCC(O)COc1ccc(CC(=N)O)cc1,6.8989143857
N=C(O)N1c2ccccc2C=Cc2ccccc21,116.8348803277
OC1=NC(c2ccccc2)(c2ccccc2)C(O)=N1,66.848145932
Nc1c(CC(=O)O)cccc1C(=O)c1ccc(Br)cc1,2.9727807875
Cc1ccnc2c1N=C(O)c1cccnc1N2C1CC1,191.460718234
CC(C(=O)O)c1cccc(Oc2ccccc2)c1,20.3654461388
CCOC(=O)c1ncn2c1CN(C)C(=O)c1cc(F)ccc1-2,252.4069776499
COc1ccc2cccc(CC/N=C(/C)O)c2c1,122.8677125163
CCn1cc(C(=O)O)c(=O)c2cc(F)c(N3CCNCC3)nc21,14.1933820522
CC(C(=O)O)c1ccc(CC2CCCC2=O)cc1,7.28151612
COC12C(COC(=N)O)C3=C(C(=O)C(C)=C(N)C3=O)N1CC1NC12,2.7763721796
CN(C)CCc1c[nH]c2ccc(Cn3cncn3)cc12,12.9682855838
CC/C(O)=N/CC1CC1c1cccc2c1CCO2,186.4415858185
COCCCC/C(=N\OCCN)c1ccc(C(F)(F)F)cc1,86.6920658882
CCN(CC)C(=O)C1(c2ccccc2)CC1CN,3.7491893645
CC1CCC2C(C)C(=O)OC3OC4(C)CCC1C32OO4,102.6215277778
C=CCc1ccccc1OCC(O)CNC(C)C,122.3197706514
C=CCOc1ccccc1OCC(O)CNC(C)C,100.9895039043
COCCc1ccc(OCC(O)CNC(C)C)cc1,139.0151302017
CCC(CC)C(/N=C(/C)O)C1C(NC(=N)N)CC(C(=O)O)C1O,3.7933964046
CO/C(O)=N/c1nc2ccc(C(=O)c3ccc(F)cc3)cc2[nH]1,61.713567621
CN1C(=O)CN=C(c2ccccc2)c2cc(Cl)ccc21,65.2408158093
CC(c1ncncc1F)C(O)(Cn1cncn1)c1ccc(F)cc1F,169.6465902951
CC(C(=O)O)c1cccc(C(=O)c2ccccc2)c1,5.1658828068
CC(C)c1ccc2oc3nc(N)c(C(=O)O)cc3c(=O)c2c1,0.6517318072
NC(CC(=O)N1CCn2c(nnc2C(F)(F)F)C1)Cc1cc(F)c(F)cc1F,7.020150641
Cc1cc(Cn2nnc3c(-c4ccco4)[nH]c(=N)nc32)ccc1N,55.6173790637
CO/N=C(C(\O)=N\C1C(=O)N2C(C(=O)O)=C(COC(C)=O)CSC12)/c1csc(=N)[nH]1,3.4451302688
CCO/C(O)=N/c1ccc(NCc2ccc(F)cc2)cc1N,146.9563868824
CCn1cc(C(=O)O)c(=O)c2cc(F)c(N3CCNCC3)cc21,5.0753419669
CN(C)CCC(c1ccc(Cl)cc1)c1ccccn1,176.5317045086
CN(C)CCC(c1ccccc1)c1ccccn1,163.8203748816
CC1CCN(C(=O)CC#N)CC1N(C)c1ncnc2[nH]ccc12,9.3128358989
CC(C)NCC(O)COc1cccc2ccccc12,116.6945570762
Cn1c(CCCC(=O)O)nc2cc(N(CCCl)CCCl)ccc21,0.8177486681
CN(C)CCc1c[nH]c2ccc(CC3COC(O)=N3)cc12,7.8087499653
CCCCCNC(=N)N/N=C/c1c[nH]c2ccc(OC)cc12,8.7702779986
CCCN(CCC)CCc1cccc2c1CC(O)=N2,235.6324088753
COc1cccc(C2(O)CCCCC2CN(C)C)c1,292.1051079257
CN(C)CC(c1ccc(O)cc1)C1(O)CCCCC1,57.074011887
CCOCC(O)COc1ccc([N-]C(=O)CC[S+](C)C)cc1,6.2376097314
CCOC(=O)C1=CC(OC(CC)CC)C(/N=C(\C)O)C(N)C1,4.399993439
O=C(O)CSc1nnc(Br)n1-c1ccc(C2CC2)c2ccccc12,0.2089947341
Cc1ccc(-c2cc(C(F)(F)F)nn2-c2ccc(S(N)(=O)=O)cc2)cc1,30.9984963564
O=C(N=c1c(Cl)c[nH]cc1Cl)c1ccc(OC(F)F)c(OCC2CC2)c1,50.4355692816
CS(=O)(=O)c1ccc(C2=C(c3ccccc3)C(=O)OC2)cc1,81.4106149433
CS(=O)(=O)Nc1cc2occ(/N=C/O)c(=O)c2cc1Oc1ccccc1,48.6011682437
Cn1nnc(-c2ccc(-c3ccc(N4CC(CO)OC4=O)cc3F)cn2)n1,59.2130417013
CC(=O)Oc1ccccc1C(=O)Oc1ccc(/N=C(/C)O)cc1,0
CN1CC2c3ccccc3Oc3ccc(Cl)cc3C2C1,112.4625779454
OC(c1cc(C(F)(F)F)nc2c(C(F)(F)F)cccc12)C1CCCCN1,9.2673166549
N=C(O)CCC/N=C(\c1ccc(Cl)cc1)c1cc(F)ccc1O,38.4777531036
CC(=O)OC1Cc2ccccc2N(C(=N)O)c2ccccc21,61.5938511661
CNC1CCC(c2ccc(Cl)c(Cl)c2)c2ccccc21,23.4456801518
CN1CCN(C(=O)OC2c3nccnc3C(=O)N2c2ccc(Cl)cn2)CC1,141.903913894
CNCCC(Oc1ccc(C(F)(F)F)cc1)c1ccccc1,35.0620961814
N#CCC(C1CCCC1)n1cc(-c2nc[nH]c3nccc2-3)cn1,39.3863298549
O=C(O)c1cn(C2CC2)c2cc(N3CCNCC3)c(F)cc2c1=O,3.8274003842
COC(=O)C1=C(C)NC(C)=C(C(=O)OC)C1c1ccccc1[N+](=O)[O-],43.1617749136
CN(C)CCCN1c2ccccc2Sc2ccc(Cl)cc21,36.7337265641
CC(NCc1ccc(OCc2cccc(F)c2)cc1)C(=N)O,50.4356215053
NCCNc1ccc(NCCN)c2c1C(=O)c1ccncc1C2=O,1.6050255311
COc1ccc2nc([S+]([O-])Cc3ncc(C)c(OC)c3C)[nH]c2c1,33.5261616374
CC(CN1c2ccccc2Sc2ccccc21)N(C)C,79.161873753
CN(C)CCCN1c2ccccc2Sc2ccccc21,75.4798830713
COc1c(C)c2c(c(O)c1C/C=C(\C)CCC(=O)O)C(=O)OC2,3.0463136059
CN(C)CCOC(c1ccccc1)c1ccccc1,167.3660294699
COc1ccc2c3c1OC1CC(O)C=CC31CCN(C)C2,154.5072756645
CCc1cccc2c3c([nH]c12)C(CC)(CC(=O)O)OCC3,20.9597669858
CN1C2CC(OC(=O)C(CO)c3ccccc3)CC1C1OC12,162.7852802604
CN(C)CCOC(C)(c1ccccc1)c1ccccn1,191.2498714139
COc1ccc(CN(CCN(C)C)c2ccccn2)cc1,155.7092729409
CC(C)(C)NCC(O)COc1cccc2c1CC(O)C(O)C2,4.1810272731
CCN1CCCC1C/N=C(\O)c1cc(S(=O)(=O)CC)c(N)cc1OC,5.7450056973
Cc1ncc2n1-c1ccc(Cl)cc1C(c1ccccc1F)=NC2,15.8500676596
O=C(O)c1cc(/N=N/c2ccc(S(=O)(=O)Nc3ccccn3)cc2)ccc1O,0.5300582835
CN(C)CC/C=C1/c2ccccc2Sc2ccc(Cl)cc21,34.4036017452
CN1CCN(C2=Nc3ccccc3Oc3ccc(Cl)cc32)CC1,78.4600288159
Cc1nccn1CC1CCc2c(c3ccccc3n2C)C1=O,67.3122431783
CN1CCN(C2=Nc3cc(Cl)ccc3Nc3ccccc32)CC1,95.9073849203
CN(CCOc1ccc(CC2SC(=O)N=C2O)cc1)c1ccccn1,11.5795331208
CCOC(=O)C1=C(C)NC(C)=C(C(=O)OC)C1c1cccc(Cl)c1Cl,17.9124506252
CN1CCN2c3ccccc3Cc3ccccc3C2C1,72.054826306
CC1COc2c(N3CCN(C)CC3)c(F)cc3c(=O)c(C(=O)O)cn1c23,16.858849382
Cn1c(=O)cc(N2CCCC(N)C2)n(Cc2ccccc2C#N)c1=O,6.4254490375
COCCCOc1ccnc(C[S+]([O-])c2nc3ccccc3[nH]2)c1C,19.4480978129
CNCCCN1c2ccccc2CCc2ccccc21,55.1682290105
COc1ccc2c(c1)C13CCCCC1C(C2)N(C)CC3,132.7542721588
N#CC1CC2CC2N1C(=O)C(N)C12CC3CC(CC(O)(C3)C1)C2,3.9630637134
COCCCN1CCC(/N=C(\O)c2cc(Cl)c(N)c3c2OCC3)CC1,36.3777203818
CCC/C(O)=N/c1ccc(OCC(O)CNC(C)C)c(C(C)=O)c1,4.1922122882
CC(C)NCC(O)COc1ccc(COCCOC(C)C)cc1,45.7633222806
O/C(=N/c1ccc(Oc2ccc(Cl)cc2)c(Cl)c1)c1cc(I)cc(I)c1O,0.4638037615
CS(=O)(=O)c1ccc(/C(O)=N/c2ccc(Cl)c(-c3ccccn3)c2)c(Cl)c1,7.3330588053
COc1ccc2c(c1)c(CC(=O)O)c(C)n2C(=O)c1ccc(Cl)cc1,8.0150757428
CC(=O)CC(c1ccccc1)c1c(O)c2ccccc2oc1=O,9.3515488115
CCOC(=O)COc1ccc2c(=O)cc(-c3ccccc3)oc2c1,4.2296459716
N=C(N)Nc1ccc(C(=O)Oc2ccc3cc(C(=N)N)ccc3c2)cc1,0.7540902089
O=C(NCC1CN(c2ccc(N3CCOCC3=O)cc2)C(=O)O1)c1ccc(Cl)s1,4.0633000429
Clc1ccc2c(c1)CCc1cccnc1C2=C1CCNCC1,5.6064504022
COC(=O)C1=C(C#N)NC(C)=C(C(=O)OC(C)C)C1c1cccc([N+](=O)[O-])c1,20.8826253097
Fc1ccc(C2CCNCC2COc2ccc3c(c2)OCO3)cc1,36.5130474978
CCc1ccc(CCOc2ccc(CC3SC(=O)N=C3O)cc2)nc1,11.0553589102
CNCCCC1c2ccccc2C=Cc2ccccc21,47.3948179261
CNCCC=C1c2ccccc2CCc2ccccc21,62.1878428
CN(C)CC/C=C1/c2ccccc2COc2ccccc21,89.6692488284
CN1CCN(CC(=O)N2c3ccccc3C(O)=Nc3cccnc32)CC1,8.9517867851
NC1CCCCN(c2c(F)cc3c(=O)c(C(=O)O)cn(C4CC4)c3c2Cl)C1,6.3714302434
C=CCN1CCC23c4c5ccc(O)c4OC2C(=O)CCC3(O)C1C5,188.6274417335
COc1cc2nc(N3CCN(C(=O)c4ccco4)CC3)[nH]c(=N)c2cc1OC,14.9238088507
Cc1ccc(/C(=C\CN2CCCC2)c2ccccn2)cc1,138.9319582929
O=c1n(CCCN2CCN(c3cccc(Cl)c3)CC2)nc2ccccn12,109.3588482969
CC1CN(c2c(F)c(N)c3c(=O)c(C(=O)O)cn(C4CC4)c3c2F)CC(C)N1,67.7251857789
C[N+]1(C)C2CC(OC(=O)C(O)(c3cccs3)c3cccs3)CC1C1OC12,3.1079509395
COc1c(N2CCNC(C)C2)c(F)cc2c(=O)c(C(=O)O)cn(C3CC3)c12,8.7328822331
CN(C)CCCN1c2ccccc2CCc2ccc(Cl)cc21,43.3907350503
CN(C)CCCN1c2ccccc2CCc2ccccc21,82.9897330174
CC(CCc1ccccc1)NCC(O)c1ccc(O)c(C(=N)O)c1,5.3416740678
CCCN(CCc1cccs1)C1CCc2c(O)cccc2C1,36.2866005495
Cc1cc2ncc(/C(O)=N/CC(C)(C)NCC(=O)N3CCCC3C#N)cn2n1,2.3122908584
CC(C)CC(/N=C(\O)C(Cc1ccccc1)/N=C(/O)c1cnccn1)B(O)O,2.974104213
COc1cc2c(cc1OC)C1CC(=O)C(CC(C)C)CN1CC2,121.1231378333
CC(C)C1CCC(/C(O)=N/C(Cc2ccccc2)C(=O)O)CC1,0.8420929322
CC(/N=C(\O)C(O)C(C)C)/C(O)=N/C1C(=O)N(C)CCc2ccccc21,3.2337639587
CN(CCOc1ccc(NS(C)(=O)=O)cc1)CCc1ccc(NS(C)(=O)=O)cc1,2.5019885336
CC12CCC(=O)C=C1CCC1C2CCC2(C)C(O)CCC12,53.358123328
C[N+]1(C)CCC(OC(=O)C(O)(c2ccccc2)C2CCCC2)C1,1.5560374582
OC(CCN1CCCC1)(c1ccccc1)C1CCCCC1,106.3630210672
CCCC(NC(C)C(=O)N1C(C(=O)O)CC2CCCCC21)C(=O)OCC,0.9882717429
CCCCCCCCc1ccc(CCC(N)(CO)CO)cc1,6.157303629
NC1C2CN(c3nc4c(cc3F)c(=O)c(C(=O)O)cn4-c3ccc(F)cc3F)CC12,28.3681763035
CSc1ccc(/C=C2/C(C)=C(CC(=O)O)c3cc(F)ccc32)cc1,9.8917640172
N=C(O)C(CCC(F)(F)F)N(Cc1ccc(-c2ncon2)cc1F)S(=O)(=O)c1ccc(Cl)cc1,44.2280145564
COc1ccc2cc3[n+](cc2c1OC)CCc1cc2c(cc1-3)OCO2,2.3080737407
COC(=O)N(C)c1c(N)nc(-c2nn(Cc3ccccc3F)c3ncccc23)[nH]c1=N,2.0990453168
CC1CCOC2Cn3cc(/C(O)=N/Cc4ccc(F)cc4F)c(=O)c(O)c3C(=O)N12,11.2455075397
CO/N=C(\N)c1ccc(-c2ccc(-c3ccc(/C(N)=N/OC)cc3)o2)cc1,53.9493456526
COC1(/N=C(\O)C(C(=O)O)c2ccc(O)cc2)C(=O)N2C(C(=O)O)=C(CSc3nnnn3C)COC21,0
CN(C)CCC=C1c2ccccc2C=Cc2ccccc21,87.2779415185
CN(C)CCCC1(c2ccc(F)cc2)OCc2cc(C#N)ccc21,127.2358685224
Cc1nnc(C(=O)NC(C)(C)c2nc(/C(O)=N\Cc3ccc(F)cc3)c(O)c(=O)n2C)o1,5.1515731575
c1ccc2c(c1)Sc1ccccc1N2CC1CN2CCC1CC2,16.3657112686
CN(Cc1cnc2nc(=N)[nH]c(N)c2n1)c1ccc(C(=O)NC(CCC(=O)O)C(=O)O)cc1,1.3337491884
CNCCCC12CCC(c3ccccc31)c1ccccc12,47.2448691675
CN(C)CCC=C1c2ccccc2CCc2ccccc21,86.1037695886
O=C1CCC2(O)C3Cc4ccc(O)c5c4C2(CCN3CC2CC2)C1O5,157.0998684559
C=CC1CN2CCC1CC2C(O)c1ccnc2ccc(OC)cc12,4.5669519386
COC(=O)C1=C(C)NC(C)=C(C(=O)OCC(C)C)C1c1ccccc1[N+](=O)[O-],28.9478660447
CCOC(Cc1ccc(OCCc2ccc(OS(C)(=O)=O)cc2)cc1)C(=O)O,0.0905886708
Cc1ccsc1C(=CCCN1CCCC(C(=O)O)C1)c1sccc1C,26.5091671635
CCOC(=O)C1=C(COCCN)NC(C)=C(C(=O)OC)C1c1ccccc1Cl,4.9756827535
CC(CN(C)C)CN1c2ccccc2CCc2ccccc21,66.2071609967
CC1=C(/C=C/C(C)=C/C=C/C(C)=C/C(=O)O)C(C)(C)CCC1,24.7027344995
CCCCOc1cc(/C(O)=N\CCN(CC)CC)c2ccccc2n1,28.7926139825
CC(C)(C)NCC(O)COc1ccc(N/C(O)=N/C2CCCCC2)cc1,1.965891537
CCCCCC(O)/C=C/C1C(O)CC(=O)C1CCCCCCC(=O)O,2.1001781297
CNC(=O)c1cc(Oc2ccc(N/C(O)=N/c3ccc(Cl)c(C(F)(F)F)c3)c(F)c2)ccn1,19.4495101821
O=C(O)c1ccc(-n2nc(-c3ccccc3O)nc2-c2ccccc2O)cc1,0.964556473
C/N=C(/O)c1ccc(N2C(=S)N(c3ccc(C#N)c(C(F)(F)F)c3)C(=O)C2(C)C)cc1F,57.230632446
CNC(=O)c1cc(Oc2ccc(N/C(O)=N/c3ccc(Cl)c(C(F)(F)F)c3)cc2)ccn1,6.6681604265
COc1ccc2c(c1)c(CC(=O)OCC(=O)O)c(C)n2C(=O)c1ccc(Cl)cc1,0.4310663707
CC(Oc1ccc(S(C)(=O)=O)cc1C(=O)N1CCN(c2ncc(C(F)(F)F)cc2F)CC1)C(F)(F)F,20.466309358
CN1CCC(c2c(O)cc(O)c3c(=O)cc(-c4ccccc4Cl)oc23)C(O)C1,24.59277974
OC1=Nc2cc(Cl)c(CCN3CCN(c4nsc5ccccc45)CC3)cc2C1,49.1008758145
CC(Oc1cc(-c2cnn(C3CCNCC3)c2)cnc1N)c1c(Cl)ccc(F)c1Cl,0.8143774785
O=C(CCCN1CCC(O)(c2ccc(Cl)cc2)CC1)c1ccc(F)cc1,112.208629354
Cc1ccc(Nc2nccc(N(C)c3ccc4c(C)n(C)nc4c3)n2)cc1S(N)(=O)=O,0.4556332505
N=c1[nH]c(CC(=O)Nc2ccc(CCNCC(O)c3ccccc3)cc2)cs1,1.2845472362
COc1c(N2CC3CCCNC3C2)c(F)cc2c(=O)c(C(=O)O)cn(C3CC3)c12,27.2559031661
O=C(O)CCCN1CCC(OC(c2ccc(Cl)cc2)c2ccccn2)CC1,4.2947562245
O=C(O)COCCN1CCN(C(c2ccccc2)c2ccc(Cl)cc2)CC1,3.8223334174
CCOc1ccc(Cc2cc(C3OC(CO)C(O)C(O)C3O)ccc2Cl)cc1,0.864528023
CN1CCCC1CCOC(C)(c1ccccc1)c1ccc(Cl)cc1,31.4670854341
CSc1ccc2c(c1)N(CCC1CCCCN1C)c1ccccc1S2,31.7087638001
OCCN1CCN(CCCN2c3ccccc3Sc3ccc(Cl)cc32)CC1,31.269058168
COC(=O)C1C(O)CCC2CN3CCc4c([nH]c5ccccc45)C3CC21,66.5431389982
COCCOC(=O)C1=C(C)NC(C)=C(C(=O)OC(C)C)C1c1cccc([N+](=O)[O-])c1,27.7166585174
CCC(CO)/N=C(\O)C1C=C2c3cccc4c3c(cn4C)CC2N(C)C1,20.9156057727
CCCNCC(O)COc1ccccc1C(=O)CCc1ccccc1,33.0534898363
CC12C=CC(=O)C=C1CCC1C2C(O)CC2(C)C1CCC2(O)C(=O)CO,7.819803313
OC(CCN1CCCCC1)(c1ccccc1)C1CC2C=CC1C2,84.1776346624
CC(C)N(CCC(C(=N)O)(c1ccccc1)c1ccccn1)C(C)C,2.1439400136
N=C(O)C1(N2CCCCC2)CCN(CCCC(=O)c2ccc(F)cc2)CC1,32.0168379452
CC12CCC(=O)C=C1CCC1C2C(O)CC2(C)C1CCC2(O)C(=O)CO,17.476769658
O=C1CC2(CCCC2)CC(=O)N1CCCCN1CCN(c2ncccn2)CC1,182.9061188269
NCCCCC(NC(CCc1ccccc1)C(=O)O)C(=O)N1CCCC1C(=O)O,3.2594790743
Clc1ccccc1C(c1ccccc1)(c1ccccc1)n1ccnc1,27.1464518725
c1ccc(-c2ccc(C(c3ccccc3)n3ccnc3)cc2)cc1,27.6592248341
Cc1cc(/C=C/C#N)cc(C)c1/N=c1\ccnc(Nc2ccc(C#N)cc2)[nH]1,29.563358067
CCC(Nc1ncnc2[nH]cnc12)c1nc2cccc(F)c2c(=O)n1-c1ccccc1,0.8128412892
O=C1C(O)=C(C2CCC(c3ccc(Cl)cc3)CC2)C(=O)c2ccccc21,18.503621472
CN1CC(=O)N2C(Cc3c([nH]c4ccccc34)C2c2ccc3c(c2)OCO3)C1=O,8.6461496718
Cc1c(/C(O)=N/N2CCCCC2)nn(-c2ccc(Cl)cc2Cl)c1-c1ccc(Cl)cc1,18.6348933529
CC(NCCCc1cccc(C(F)(F)F)c1)c1cccc2ccccc12,14.6259929169
CCCCc1nc(Cl)c(CO)n1Cc1ccc(-c2ccccc2-c2nn[nH]n2)cc1,0.9012398788
CCOC(=O)N1CCC(=C2c3ccc(Cl)cc3CCc3cccnc32)CC1,24.5144717198
COc1ccc2c(c1OC)C(=O)OC2C1c2c(cc3c(c2OC)OCO3)CCN1C,82.2037354861
Cc1ccc(/C(=C\CN2CCCC2)c2cccc(/C=C/C(=O)O)n2)cc1,5.5188258313
COc1cc2c(Nc3ccc(Br)cc3F)ncnc2cc1OCC1CCN(C)CC1,14.8138731519
Oc1nc2ccccc2n1CCCN1CCC(n2c(O)nc3cc(Cl)ccc32)CC1,2.3227618242
CCOc1cc(C(CS(C)(=O)=O)N2C(=O)c3cccc(/N=C(/C)O)c3C2=O)ccc1OC,2.9739596547
CC1c2cccc(O)c2C(=O)C2=C(O)C3(O)C(=O)C(C(=N)O)=C(O)C(N(C)C)C3C(O)C21,13.3766781715
OC(CNCC(O)C1CCc2cc(F)ccc2O1)C1CCc2cc(F)ccc2O1,22.7833992027
CCO/C(O)=N\c1ccc2c(c1)N(C(=O)CCN1CCOCC1)c1ccccc1S2,25.0529715919
COc1cc2c(c(OC)c1OC)-c1ccc(OC)c(=O)cc1C(/N=C(\C)O)CC2,3.1832742674
CN1CCCC1Cc1c[nH]c2ccc(CCS(=O)(=O)c3ccccc3)cc12,3.1246064404
Cc1nc(Nc2ncc(/C(O)=N/c3c(C)cccc3Cl)s2)cc(N2CCN(CCO)CC2)n1,1.1058663999
COc1ccc(C2Sc3ccccc3N(CCN(C)C)C(=O)C2OC(C)=O)cc1,57.2431719749
CC(C)N1CCC(N(C(=O)Cc2ccccc2)c2ccc(Cl)cc2)CC1,41.3165784832
CCN(CC)CC/N=C(\O)c1c(C)[nH]c(/C=C2\C(O)=Nc3ccc(F)cc32)c1C,13.7721407336
CC(C)Nc1cccnc1N1CCN(C(=O)c2cc3cc(NS(C)(=O)=O)ccc3[nH]2)CC1,1.9948141828
CC(C)c1nc(N(C)S(C)(=O)=O)nc(-c2ccc(F)cc2)c1/C=C/C(O)CC(O)CC(=O)O,0.3486717691
CC1CC2C3CCC4=CC(=O)C=CC4(C)C3(F)C(O)CC2(C)C1(O)C(=O)CO,11.8296577661
CC(C)OC(=O)C(C)NP(=O)(OCC1OC(n2ccc(O)nc2=O)C(C)(F)C1O)Oc1ccccc1,1.2042653546
CCCc1nn(C)c2c(=O)[nH]c(-c3cc(S(=O)(=O)N4CCN(C)CC4)ccc3OCC)nc12,23.8291090246
CC1CC2C(C(O)CC3(C)C2CCC3(O)C(=O)CO)C2(C)C=CC(=O)C=C12,3.8507532316
CCCS(=O)(=O)Nc1ccc(F)c(C(=O)c2c[nH]c3ncc(-c4ccc(Cl)cc4)cc23)c1F,0.8096267486
Cc1ccc(-n2nccn2)c(C(=O)N2CCN(c3nc4cc(Cl)ccc4o3)CCC2C)c1,30.3816196797
CCC1(O)C(=O)OCc2c1cc1n(c2=O)Cc2cc3c(CN(C)C)c(O)ccc3nc2-1,1.5476330896
C#CCC(Cc1cnc2nc(=N)[nH]c(N)c2n1)c1ccc(C(=O)NC(CCC(=O)O)C(=O)O)cc1,1.9105395949
COc1cc2nc(N3CCN(C(=O)C4COc5ccccc5O4)CC3)[nH]c(=N)c2cc1OC,8.6646373525
O=C(CCCN1CCC2(CC1)C(O)=NCN2c1ccccc1)c1ccc(F)cc1,33.6167402221
COc1ccc(C/N=c2/[nH]c(N3CCCC3CO)ncc2/C(O)=N/Cc2ncccn2)cc1Cl,8.5836402902
OC1=Nc2cc(OCCCCN3CCN(c4cccc(Cl)c4Cl)CC3)ccc2CC1,37.2479751362
Cc1nc2n(c(=O)c1CCN1CCC(c3noc4cc(F)ccc34)CC1)CCCC2,28.7573239343
Cc1nc2n(c(=O)c1CCN1CCC(c3noc4cc(F)ccc34)CC1)CCCC2O,12.7793097931
OCC1OC(c2ccc(Cl)c(Cc3ccc(OC4CCOC4)cc3)c2)C(O)C(O)C1O,0.287679976
COc1ccc(Cl)cc1/C(O)=N\CCc1ccc(S(=O)(=O)N/C(O)=N/C2CCCCC2)cc1,0.1243451851
COc1cc(N)c(Cl)cc1/C(O)=N/C1CCN(CCCOc2ccc(F)cc2)CC1OC,67.7683169694
CCCc1nc(C)c2c(=O)nc(-c3cc(S(=O)(=O)N4CCN(CC)CC4)ccc3OCC)[nH]n12,1.875226357
CC1CNc2c(cccc2S(=O)(=O)NC(CCCNC(=N)N)C(=O)N2CCC(C)CC2C(=O)O)C1,1.4057624331
CCC(C)C(=O)OC1CC(O)C=C2C=CC(C)C(CCC(O)CC(O)CC(=O)O)C21,1.6988452406
OCCOc1ccc(/C(=C(/CCCl)c2ccccc2)c2ccccc2)cc1,6.4650490617
CN(C)C/C=C\C(O)=N\c1cc2c(Nc3ccc(F)c(Cl)c3)ncnc2cc1OC1CCOC1,0.5723676754
CCCc1nc(C(C)(C)O)c(C(=O)O)n1Cc1ccc(-c2ccccc2-c2nn[nH]n2)cc1,0.3373640626
CC(C)n1c(/C=C/C(O)CC(O)CC(=O)O)c(-c2ccc(F)cc2)c2ccccc21,0.5325135517
COc1ccccc1OCCNCC(O)COc1cccc2[nH]c3ccccc3c12,12.3645589023
CC(C)(C)c1cc(C(C)(C)C)c(/N=C(\O)c2c[nH]c3ccccc3c2=O)cc1O,0.4142683246
CCc1cc2c(cc1CC)CC(NCC(O)c1ccc(O)c3nc(O)ccc13)C2,0.6316006077
CC(=O)c1c(C)c2cnc(Nc3ccc(N4CCNCC4)cn3)nc2n(C2CCCC2)c1=O,7.0471773138
COc1cc2c(cc1OC)C(=O)C(CC1CCN(Cc3ccccc3)CC1)C2,130.3410379992
CCCCC(=O)N(Cc1ccc(-c2ccccc2-c2nn[nH]n2)cc1)C(C(=O)O)C(C)C,1.9034696464
CCN1CC(CCN2CCOCC2)C(c2ccccc2)(c2ccccc2)C1=O,87.4652119257
CN1CCc2nc(C(=O)NC3CC(C(=O)N(C)C)CCC3NC(=O)C(=O)Nc3ccc(Cl)cn3)sc2C1,2.1477383443
COC(=O)C1CC2=CC(=O)CCC2(C)C23OC2CC2(C)C(CCC24CCC(=O)O4)C13,84.0883371167
COc1ccccc1OCC(O)CN1CCN(C/C(O)=N/c2c(C)cccc2C)CC1,17.3467122404
OCc1cc(C(O)CNCCCCCCOCCOCc2c(Cl)cccc2Cl)ccc1O,1.3500147928
CCC(C)C(=O)OC1CC(C)C=C2C=CC(C)C(CCC3CC(O)CC(=O)O3)C21,17.7541537999
OCCN(CCO)c1nc(N2CCCCC2)c2nc(N(CCO)CCO)nc(N3CCCCC3)c2n1,0.5258782168
CCOc1nc2cccc(C(=O)O)c2n1Cc1ccc(-c2ccccc2-c2nc(=O)o[nH]2)cc1,0
CC1=NN(c2ccc(C)c(C)c2)C(=O)/C1=N\Nc1cccc(-c2cccc(C(=O)O)c2)c1O,0
O=C(O)CC1CCC(c2ccc(-c3ccc(Nc4ccc(C(F)(F)F)nc4)cn3)cc2)CC1,6.4516458635
C=CC(=O)N1CCCC(n2nc(-c3ccc(Oc4ccccc4)cc3)c3c(N)ncnc32)C1,12.1220019969
O=C(O)CC(O)CC(O)/C=C/c1c(C2CC2)nc2ccccc2c1-c1ccc(F)cc1,0.3634844615
Cn1c(CNc2ccc(C(=N)N)cc2)nc2cc(C(=O)N(CCC(=O)O)c3ccccn3)ccc21,4.164928761
COc1ccc(-n2nc(C(=N)O)c3c2C(=O)N(c2ccc(N4CCCCC4=O)cc2)CC3)cc1,3.4010407887
CC1(COc2ccc(N3CCC(Oc4ccc(OC(F)(F)F)cc4)CC3)cc2)Cn2cc([N+](=O)[O-])nc2O1,17.5253241819
CCN1CCN(/C(O)=N/C(/C(O)=N/C2C(=O)N3C(C(=O)O)=C(CSc4nnnn4C)CSC23)c2ccc(O)cc2)C(=O)C1=O,2.3102938527
CCCCC1=NC2(CCCC2)C(=O)N1Cc1ccc(-c2ccccc2-c2nn[nH]n2)cc1,0.6365912158
CC#CCn1c(N2CCCC(N)C2)nc2c1c(=O)n(Cc1nc(C)c3ccccc3n1)c(=O)n2C,1.8924046162
CCCCc1oc2ccccc2c1C(=O)c1cc(I)c(OCCN(CC)CC)c(I)c1,4.1655872473
CCC(=O)OC1(C(=O)SCF)C(C)CC2C3CC(F)C4=CC(=O)C=CC4(C)C3(F)C(O)CC21C,18.9085908472
CCc1nn(CCCN2CCN(c3cccc(Cl)c3)CC2)c(=O)n1CCOc1ccccc1,25.6300824201
CC(Cc1cc2c(c(C(=N)O)c1)N(CCCO)CC2)NCCOc1ccccc1OCC(F)(F)F,1.892198698
CCCC1OC2CC3C4CCC5=CC(=O)C=CC5(C)C4C(O)CC3(C)C2(C(=O)CO)O1,42.635389669
CC(C)CN(CC(O)C(Cc1ccccc1)/N=C(\O)OC1CCOC1)S(=O)(=O)c1ccc(N)cc1,0.2107310198
CCC(C)(C)C(=O)OC1CC(C)C=C2C=CC(C)C(CCC3CC(O)CC(=O)O3)C21,26.5228528215
CC1OC(OC2C(CO)OC(OC3C(CO)OC(O)C(O)C3O)C(O)C2O)C(O)C(O)C1NC1C=C(CO)C(O)C(O)C1O,0
C/C(O)=N\c1cccc(-n2c(=O)n(C3CC3)c(=O)c3c(Nc4ccc(I)cc4F)n(C)c(=O)c(C)c32)c1,0.1098294808
Cc1ccccc1C(=O)Nc1ccc(C(=O)N2CCCC(O)c3cc(Cl)ccc32)c(C)c1,2.6159544401
CN(C)CCOc1ccc(/C(=C(/CCCl)c2ccccc2)c2ccccc2)cc1,6.5798535565
CC(=O)N1CCN(c2ccc(OCC3COC(Cn4ccnc4)(c4ccc(Cl)cc4Cl)O3)cc2)CC1,5.3202670434
CC/C(=C(\c1ccccc1)c1ccc(OCCN(C)C)cc1)c1ccccc1,14.1699983342
COc1cc(/N=c2\c(C#N)c[nH]c3cc(OCCCN4CCN(C)CC4)c(OC)cc23)c(Cl)cc1Cl,0.8423018999
COC(=O)C1=C(C)NC(C)=C(C(=O)OCCN(C)Cc2ccccc2)C1c1cccc([N+](=O)[O-])c1,9.3161018161
CC(=O)OC1CCC2(C)C(=CCC3C2CCC2(C)C(c4cccnc4)=CCC32)C1,1.3590263126
O=C(Nc1cccc2c(=O)cc(-c3nn[nH]n3)oc12)c1ccc(OCCCCc2ccccc2)cc1,0
COCCOC(=O)C1=C(C)NC(C)=C(C(=O)OC/C=C/c2ccccc2)C1c1cccc([N+](=O)[O-])c1,19.9375133361
COc1cccc2c1C(=O)c1c(O)c3c(c(O)c1C2=O)CC(O)(C(C)=O)CC3OC1CC(N)C(O)C(C)O1,0.8216937044
COc1cccc2c1C(=O)c1c(O)c3c(c(O)c1C2=O)CC(O)(C(=O)CO)CC3OC1CC(N)C(O)C(C)O1,2.2132743707
COc1ccc2c(c1)C(=O)N(CCc1ccc(S(=O)(=O)N/C(O)=N\C3CCCCC3)cc1)C(=O)C2(C)C,0.2180621495
COc1cc2c(cc1OC)CC(=O)N(CCCN(C)CC1Cc3cc(OC)c(OC)cc31)CC2,1.1745547921
CC(C)CN(CC(O)C(Cc1ccccc1)/N=C(\O)OC1COC2OCCC12)S(=O)(=O)c1ccc(N)cc1,0.5317281164
COc1ccc(CCN(C)CCCC(C#N)(c2ccc(OC)c(OC)c2)C(C)C)cc1OC,26.1067932414
C/C(=C\c1csc(C)n1)C1CC2OC2(C)CCCC(C)C(O)C(C)C(=O)C(C)(C)C(O)C/C(O)=N\1,3.4274571985
Cc1cn(-c2cc(/N=C(\O)c3ccc(C)c(Nc4nccc(-c5cccnc5)n4)c3)cc(C(F)(F)F)c2)cn1,3.8044788071
COc1cc2nccc(Oc3ccc(NC(=O)C4(C(=O)Nc5ccc(F)cc5)CC4)cc3)c2cc1OC,12.6681535438
COc1ccc(CCN2CCC(/N=c3/[nH]c4ccccc4n3Cc3ccc(F)cc3)CC2)cc1,4.6335500913
Oc1ccc2c(c1)CCC(c1ccccc1)C2c1ccc(OCCN2CCCC2)cc1,16.2096583778
C=C/C(O)=N\c1cc(Nc2nccc(-c3cn(C)c4ccccc34)n2)c(OC)cc1N(C)CCN(C)C,7.4775284585
O=C1C2C3CCC(C3)C2C(=O)N1CC1CCCCC1CN1CCN(c2nsc3ccccc23)CC1,18.186699809
Cc1cc(Nc2ncc(Cl)/c(=N/c3ccccc3S(=O)(=O)C(C)C)[nH]2)c(OC(C)C)cc1C1CCNCC1,0.3888372545
CS(=O)(=O)CCNCc1ccc(-c2ccc3ncnc(Nc4ccc(OCc5cccc(F)c5)c(Cl)c4)c3c2)o1,1.8023564989
Cc1ccc(C(=O)Nc2ccc(CN3CCN(C)CC3)c(C(F)(F)F)c2)cc1C#Cc1cnc2cccnn12,5.3231961418
Cc1ccc(NC(=O)c2ccc(CN3CCN(C)CC3)cc2)cc1Nc1nccc(-c2cccnc2)n1,1.4274036913
Cc1cc(OCCCS(C)(=O)=O)cc(C)c1-c1cccc(COc2ccc3c(c2)OCC3CC(=O)O)c1,0.360464057
COc1cc(C2c3cc4c(cc3C(OC3OC5COC(C)OC5C(O)C3O)C3COC(=O)C23)OCO4)cc(OC)c1O,1.2975949301
CN(C)C(=O)C(CCN1CCC(O)(c2ccc(Cl)cc2)CC1)(c1ccccc1)c1ccccc1,2.1566956117
CCO/C(O)=N/C1CCC2C(C1)CC1C(=O)OC(C)C1C2/C=C/c1ccc(-c2cccc(F)c2)cn1,33.0904881501
OC(c1ccccc1)(c1ccccc1)C12CC[N+](CCOCc3ccccc3)(CC1)CC2,1.3113066772
COCC(=O)OC1(CCN(C)CCCc2nc3ccccc3[nH]2)CCc2cc(F)ccc2C1C(C)C,2.2279463591
CN(C)c1cc(/N=C(\O)CNC(C)(C)C)c(O)c2c1CC1CC3C(N(C)C)C(O)=C(C(=N)O)C(=O)C3(O)C(O)=C1C2=O,2.645704223
COC(=O)CC(O)(CCCC(C)(C)O)C(=O)OC1C(OC)=CC23CCCN2CCc2cc4c(cc2C13)OCO4,2.1078777673
CCC1CN2CCc3cc(OC)c(OC)cc3C2CC1CC1NCCc2cc(OC)c(OC)cc21,2.2640710563
Cc1nnc(C(C)C)n1C1CC2CCC(C1)N2CCC(/N=C(/O)C1CCC(F)(F)CC1)c1ccccc1,1.2671139586
CC(C)c1cc(C(C)C)c(C/C(O)=N/S(=O)(=O)Oc2c(C(C)C)cccc2C(C)C)c(C(C)C)c1,0.0480185355
CCCCCCCCCCCC(CC1OC(=O)C1CCCCCC)OC(=O)C(CC(C)C)/N=C/O,0.1484325052
CC(=O)OC1(C(C)=O)CCC2C3CCC4=CC(=O)CCC4=C3C(c3ccc(N(C)C)cc3)CC21C,50.8248006777
COCCCOc1cc(CC(CC(N)C(O)CC(/C(O)=N\CC(C)(C)C(=N)O)C(C)C)C(C)C)ccc1OC,1.9564014318
CCCCc1oc2ccc(NS(C)(=O)=O)cc2c1C(=O)c1ccc(OCCCN(CCCC)CCCC)cc1,3.9027755271
Cc1nc2c([nH]1)-c1ccccc1N(C(=O)c1ccc(NC(=O)c3ccccc3-c3ccccc3)cc1)CC2,0
COc1cc(C2c3cc4c(cc3C(OC3OC5COC(c6cccs6)OC5C(O)C3O)C3COC(=O)C23)OCO4)cc(OC)c1O,0
CC(C)(C(=O)O)c1ccc(C(O)CCCN2CCC(C(O)(c3ccccc3)c3ccccc3)CC2)cc1,0.9773734173
CC(C)CC1C(=O)N2CCCC2C2(O)OC(/N=C(\O)C3C=C4c5cccc6[nH]c(Br)c(c56)CC4N(C)C3)(C(C)C)C(=O)N12,2.865401211
CC(C)(C)c1ccc(C(O)CCCN2CCC(C(O)(c3ccccc3)c3ccccc3)CC2)cc1,5.4037368245
Cc1c(O)cccc1/C(O)=N\C(CSc1ccccc1)C(O)CN1CC2CCCCC2CC1/C(O)=N\C(C)(C)C,0.1259442153
CC(C)c1c(/C(O)=N/c2ccccc2)c(-c2ccccc2)c(-c2ccc(F)cc2)n1CCC(O)CC(O)CC(=O)O,0.5158266152
CCc1c2c(nc3ccc(OC(=O)N4CCC(N5CCCCC5)CC4)cc13)-c1cc3c(c(=O)n1C2)COC(=O)C3(O)CC,0.8685601664
COC(=O)C1C2CC3c4[nH]c5cc(OC)ccc5c4CCN3CC2CC(OC(=O)c2cc(OC)c(OC)c(OC)c2)C1OC,25.9322548242
COc1cccc(C2OC(CC(=O)N3CCC(CC(=O)O)CC3)C(=O)N(CC(C)(C)COC(C)=O)c3ccc(Cl)cc32)c1OC,1.0204609401
CC(C)(O)c1ccccc1CCC(SCC1(CC(=O)O)CC1)c1cccc(/C=C/c2ccc3ccc(Cl)cc3n2)c1,0.411484114
CCC(C)n1ncn(-c2ccc(N3CCN(c4ccc(OCC5COC(Cn6cncn6)(c6ccc(Cl)cc6Cl)O5)cc4)CC3)cc2)c1=O,10.6290930837
CC(C)(C)/N=C(/O)C1CN(Cc2cccnc2)CCN1CC(O)CC(Cc1ccccc1)/C(O)=N/C1c2ccccc2CC1O,1.0866237403
CCCC(/N=C(/O)C1C2CCCC2CN1C(=O)C(/N=C(\O)C(/N=C(\O)c1cnccn1)C1CCCCC1)C(C)(C)C)C(=O)C(=O)NC1CC1,0.7696955401
CCC(C(C)O)n1ncn(-c2ccc(N3CCN(c4ccc(OCC5COC(Cn6cncn6)(c6ccc(F)cc6F)C5)cc4)CC3)cc2)c1=O,0.3624341321
CC(C)c1nc(CN(C)/C(O)=N/C(/C(O)=N/C(Cc2ccccc2)CC(O)C(Cc2ccccc2)/N=C(\O)OCc2cncs2)C(C)C)cs1,0.3560229211
CCC1OC(=O)C(C)C(OC2CC(C)(OC)C(O)C(C)O2)C(C)C(OC2OC(C)CC(N(C)C)C2O)C(C)(O)CC(C)C(=O)C(C)C(O)C1(C)O,4.3240740741
CC(C)(C)/N=C(\O)C1CC2CCCCC2CN1CC(O)C(Cc1ccccc1)/N=C(\O)C(CC(=N)O)NC(=O)c1ccc2ccccc2n1,0.4924043286
CCC1OC(=O)C(C)C(OC2CC(C)(OC)C(O)C(C)O2)C(C)C(OC2OC(C)CC(N(C)C)C2O)C(C)(OC)CC(C)C(=O)C(C)C(O)C1(C)O,1.1974810735
CCC1OC(=O)C(C)C(OC2CC(C)(OC)C(O)C(C)O2)C(C)C(OC2OC(C)CC(N(C)C)C2O)C(C)(O)CC(C)CN(C)C(C)C(O)C1(C)O,4.2005858743
O/C(=N\C1CCN(CCCCC2(/C(O)=N/CC(F)(F)F)c3ccccc3-c3ccccc32)CC1)c1ccccc1-c1ccc(C(F)(F)F)cc1,2.9992249999
CO/C(O)=N/C(C(=O)N1CCCC1c1ncc(-c2ccc(-c3ccc(-c4cnc(C5CCCN5C(=O)C(/N=C(\O)OC)C(C)C)[nH]4)cc3)cc2)[nH]1)C(C)C,0.0963405149
COc1ccc2c(OC3CC4/C(O)=N\C5(C(=O)O)CC5/C=C\CCCCCC(/N=C(/O)OC5CCCC5)C(=O)N4C3)cc(-c3cs/c(=N\C(C)C)[nH]3)nc2c1,0.7100930167
CC(C)c1nc(CN(C)/C(O)=N\C(CCN2CCOCC2)/C(O)=N\C(CCC(Cc2ccccc2)/N=C(\O)OCc2cncs2)Cc2ccccc2)cs1,0.3747474202
CC1OC(OC2C(O)CC(OC3C(O)CC(OC4CCC5(C)C(CCC6C5CCC5(C)C(C7=CC(=O)OC7)CCC65O)C4)OC3C)OC2C)CC(O)C1O,0
CC1OC(OC2C(O)CC(OC3C(O)CC(OC4CCC5(C)C(CCC6C5CC(O)C5(C)C(C7=CC(=O)OC7)CCC65O)C4)OC3C)OC2C)CC(O)C1O,1.4019861711
COC1/C=C\OC2(C)Oc3c(C)c(O)c4c(O)c(c5c(nc6cc(C)ccn65)c4c3C2=O)/N=C(O)\C(C)=C/C=C\C(C)C(O)C(C)C(O)C(C)C(OC(C)=O)C1C,1.5598860539
CC(=O)OC12COC1CC(O)C1(C)C(=O)C(O)C3=C(C)C(OC(=O)C(O)C(/N=C(/O)OC(C)(C)C)c4ccccc4)CC(O)(C(OC(=O)c4ccccc4)C21)C3(C)C,0.7742136186
COC1/C=C\OC2(C)Oc3c(C)c(O)c4c(O)c(c(/C=N/N5CCN(C)CC5)c(O)c4c3C2=O)/N=C(O)\C(C)=C/C=C\C(C)C(O)C(C)C(O)C(C)C(OC(C)=O)C1C,0.5425436449
C=CCC1/C=C(/C)CC(C)CC(OC)C2OC(O)(C(=O)C(=O)N3CCCCC3C(=O)OC(/C(C)=C/C3CCC(O)C(OC)C3)C(C)C(O)CC1=O)C(C)CC2OC,0.6566900744
CCC1(O)CC2CN(CCc3c([nH]c4ccccc34)C(C(=O)OC)(c3cc4c(cc3OC)N(C=O)C3C(O)(C(=O)OC)C(OC(C)=O)C5(CC)C=CCN6CCC43C65)C2)C1,0
CCC1(O)CC2CN(CCc3c([nH]c4ccccc34)C(C(=O)OC)(c3cc4c(cc3OC)N(C)C3C(O)(C(=O)OC)C(OC(C)=O)C5(CC)C=CCN6CCC43C65)C2)C1,0
CC(=O)OC1C(=O)C2(C)C(O)CC3OCC3(OC(C)=O)C2C(OC(=O)c2ccccc2)C2(O)CC(OC(=O)C(O)C(/N=C(\O)c3ccccc3)c3ccccc3)C(C)=C1C2(C)C,5.8088628597
CO/C(O)=N/C(C(=O)N1CCCC1C(=O)Nc1ccc(C2CCC(c3ccc(NC(=O)C4CCCN4C(=O)C(/N=C(\O)OC)C(C)C)cc3)N2c2ccc(C(C)(C)C)cc2)cc1)C(C)C,61.5422202933
COC1CC2CCC(C)C(O)(O2)C(=O)C(=O)N2CCCCC2C(=O)OC(C(C)CC2CCC(O)C(OC)C2)CC(=O)C(C)/C=C(/C)C(O)C(OC)C(=O)C(C)CC(C)/C=C\C=C/C=C\1C,1.4813971981
CCC(C)C1OC2(CCC1C)CC1CC(C/C=C(/C)C(OC3CC(OC)C(OC4CC(OC)C(O)C(C)O4)C(C)O3)C(C)/C=C\C=C3\COC4C(O)C(C)=CC(C(=O)O1)C34O)O2,4.8903282101
COC(=O)c1ccccc1-c1c2ccc(=N)cc-2oc2cc(N)ccc12,2.5744817637
CCC(CO)/N=c1\nc2c(ncn2C(C)C)c(NCc2ccccc2)[nH]1,14.08545399
CCc1cccc2cc(C(O)CNC(C)(C)C)oc12,57.8368557554
C/C(O)=N\C(CC(C)C)/C(O)=N/C(CC(C)C)/C(O)=N/C(C=O)CCCNC(=N)N,3.2278702958
CCC1=CC2CN3CCc4c([nH]c5ccccc45)C(C(=O)OC)(C2)C13,77.1726594549
CC12CCC(=O)C=C1CCC1C2C(O)CC2(C)C(C(=O)CO)CCC12,69.2340429602
CC12CCC(O)CC1CCC1C2CC(O)C2(C)C(C3=CC(=O)OC3)CCC12O,4.4357915108
CCC12C=CCN3CCC4(c5ccc(OC)cc5N(C)C4C(O)(C(=O)OC)C1OC(C)=O)C32,7.8011155948
C/C(=C\c1csc(C)n1)C1CC2OC2CCCC(C)C(O)C(C)C(=O)C(C)(C)C(O)CC(=O)O1,2.5681073918
CC1OC(=O)C(C(C)C)/N=C(/O)C(C(C)C)OC(=O)C(C(C)C)/N=C(/O)C(C)OC(=O)C(C(C)C)/N=C(/O)C(C(C)C)OC(=O)C(C(C)C)/N=C(/O)C(C)OC(=O)C(C(C)C)/N=C(/O)C(C(C)C)OC(=O)C(C(C)C)/N=C\1O,0.3008148714
Cc1ccc2nc(NCCN)c3ncc(C)n3c2c1,50.0854173932
CCC(=O)N1CCN(C(=O)c2ccccc2)CC1,161.5226535555
CCc1cccc2c1N(C)Cc1cc3c(cc1-2)OCO3,44.9371087811
C/N=c1\[nH]c(Nc2ccc(C(=O)N3CCOCC3)cc2OC)ncc1Cl,66.7511409514
CC(/C=C/C(O)=N/O)=C\C(C)C(=O)c1ccc(N(C)C)cc1,23.3054526784
CN(Cc1ccccc1)c1ccc2cc(C(=O)O)c(=O)oc2c1,14.5449335399
O=C(O)c1cc(C(F)(F)F)ccc1N1CCC(OCc2ccccn2)C1,15.7023642581
CCOc1cccc(/N=C(\O)c2ccc(N3CCCC3)c(C(F)(F)F)c2)c1,21.5681042708
Cc1cc(C(C)Nc2ccccc2)c2nc(N3CCOCC3)cc(=O)n2c1,84.5623108211
Cc1nc(C)c(-c2ccc(C3CCC(CC(=O)O)CC3)cc2)nc1C(=N)O,3.9804050622
OCCN(CCc1c[nH]c2ccccc12)Cc1ccc(/C=C/C(O)=N/O)cc1,1.4339217214
OC1(CN2CCC(COc3noc4cccc(OC5CCOC5)c34)CC2)CCOCC1,80.0020698591
COc1ccc2c(c1)CC(/C(O)=N\c1ccc(-c3cn[nH]c3)cc1OCCN(C)C)CO2,7.6795561032
c1ccc(-c2nn3c(c2-c2ccnc4cc(OCCN5CCOCC5)ccc24)CCC3)nc1,13.6544065231
NC(Cc1ccccc1F)C(=O)O,57.1967169964
Oc1c(Br)cc(Cl)cc1Cc1cc(Cl)cc(Br)c1O,6.2299981591
CC1(/C(O)=N/c2ccc(O)c(Cl)c2Cl)CCCCC1,11.8278605946
CCN1CCCC1C/N=C(\O)c1c(O)c(Cl)cc(Cl)c1O,3.540958105
Fc1ccc(Oc2ccnc3cc(Cl)cc(Cl)c23)cc1,31.2421748731
N#CC(=C\c1ccc(O)c(O)c1)/C(O)=N/c1ccccc1,1.3284109901
