smiles,value
Sc1ncnc2[nH]cnc12,1.3760316903
C/C(O)=N/CCCS(=O)(=O)O,0.8444218679
CS(=O)(=O)OCCCCOS(C)(=O)=O,1.1190854267
Cn1c(=O)c2nc[nH]c2n(C)c1=O,0.7844005019
NS(=O)(=O)c1cc2c(cc1Cl)NCNS2(=O)=O,2.8746292056
N=c1[nH]c2ccc(OC(F)(F)F)cc2s1,3.5909598077
O=C1N=C(O)CN1/N=C/c1ccc([N+](=O)[O-])o1,0.6239683295
N=c1nc(O)n(C2CSC(CO)O2)cc1F,1.1900749957
N=c1nnc(-c2cccc(Cl)c2Cl)c(N)[nH]1,1.2817266664
CC(CS)C(=O)N1CCCC1C(=O)O,0.7746082618
NCC1(CC(=O)O)CCCCC1,0.9081613783
CN(C)c1nc(N(C)C)nc(N(C)C)n1,0.9635218853
NCC(CC(=O)O)c1ccc(Cl)cc1,1.0046672052
CCOc1ccc(/N=C(\C)O)cc1,1.0638420469
Cc1cn(C2CC(N=[N+]=[N-])C(CO)O2)c(=O)nc1O,1.0449627322
Cc1cn(C2CC(O)C(CO)O2)c(=O)nc1O,0.9928076137
CCCNC1CCc2[nH]c(=N)sc2C1,1.6220708221
Cc1cc(=O)n(-c2ccccc2)n1C,0.9915151006
CCC(C(=N)O)(C(=N)O)c1ccccc1,0.9740309943
C/C(O)=C(\C#N)C(=O)Nc1ccc(C(F)(F)F)cc1,0.6846597844
NS(=O)(=O)c1cc(C(=O)O)c(NCc2ccco2)cc1Cl,0.8204169533
CC(C)NCC(O)c1ccc(NS(C)(=O)=O)cc1,1.4679733151
CC12CC3CC(C)(C1)CC(N)(C3)C2,1.9601054148
CC1(C)OC2COC3(COS(N)(=O)=O)OC(C)(C)OC3C2O1,29.054427048
c1cnc2cc3c(cc2n1)C1CNCC3C1,1.4109064153
N=c1c2c([nH]c3ccccc13)CCCC2,2.0023768018
CC(NC(C)(C)C)C(=O)c1cccc(Cl)c1,1.1537742453
NC(Cc1ccc(N(CCCl)CCCl)cc1)C(=O)O,0.8061236926
CC(C)C(N)C(=O)OCCOCn1cnc2c(O)nc(=N)[nH]c21,0.7342412805
CN/C(=C\[N+](=O)[O-])NCCSCc1ccc(CN(C)C)o1,1.2604748341
O=C1CCCC(=O)C1C(=O)c1ccc(C(F)(F)F)cc1[N+](=O)[O-],0.8179271044
O=C(O)Cc1ccccc1Nc1c(Cl)cccc1Cl,0.5793509623
NS(=O)(=O)c1cc(C2(O)N=C(O)c3ccccc32)ccc1Cl,95.5134849132
Cc1ccc(C(=O)c2cc(O)c(O)c([N+](=O)[O-])c2)cc1,0.7342951554
Cc1nnc(SCC2=C(C(=O)O)N3C(=O)C(/N=C(/O)Cn4cnnn4)C3SC2)s1,0.6351267194
CCN(CC)C(=O)/C(C#N)=C/c1cc(O)c(O)c([N+](=O)[O-])c1,0.6603660738
CC(C)(C)C(O)/C=C/c1ccc2c(c1)OCO2,0.6784186049
COc1cc(Cc2c[nH]c(=N)[nH]c2=N)cc(OC)c1OC,1.2939557404
CC(C)NCC(O)COc1cccc2[nH]ccc12,1.2981404694
CCN(CC)CC/N=C(/O)c1cc(Cl)c(N)cc1OC,1.6397285581
CC(C)NCC(O)COc1ccc(CC(=N)O)cc1,1.2390771993
N=C(O)N1c2ccccc2C=Cc2ccccc21,1.1400928531
OC1=NC(c2ccccc2)(c2ccccc2)C(O)=N1,1.0018642576
CC(C(=O)O)c1cccc(Oc2ccccc2)c1,0.5927741054
COCCCC/C(=N\OCCN)c1ccc(C(F)(F)F)cc1,2.7166029636
COCCc1ccc(OCC(O)CNC(C)C)cc1,1.064511207
CN1C(=O)CN=C(c2ccccc2)c2cc(Cl)ccc21,1.0995867279
CO/N=C(C(\O)=N\C1C(=O)N2C(C(=O)O)=C(COC(C)=O)CSC12)/c1csc(=N)[nH]1,0.6077525931
CCn1cc(C(=O)O)c(=O)c2cc(F)c(N3CCNCC3)cc21,1.1295046202
CC1(C)SC2C(/N=C(\O)C(N)c3ccc(O)cc3)C(=O)N2C1C(=O)O,0.5808456404
CC(C)NCC(O)COc1cccc2ccccc12,1.6051478038
Cn1c(CCCC(=O)O)nc2cc(N(CCCl)CCCl)ccc21,0.7449106503
CN(C)CCc1c[nH]c2ccc(CC3COC(O)=N3)cc12,1.5204041189
COc1cccc(C2(O)CCCCC2CN(C)C)c1,1.1867068323
CN(C)CC(c1ccc(O)cc1)C1(O)CCCCC1,1.6084070537
Cc1ccc(-c2cc(C(F)(F)F)nn2-c2ccc(S(N)(=O)=O)cc2)cc1,9.1659136848
O=C(N=c1c(Cl)c[nH]cc1Cl)c1ccc(OC(F)F)c(OCC2CC2)c1,0.7284062792
CS(=O)(=O)c1ccc(C2=C(c3ccccc3)C(=O)OC2)cc1,0.7273630838
Cn1nnc(-c2ccc(-c3ccc(N4CC(CO)OC4=O)cc3F)cn2)n1,0.6687365952
CN1CCN(C(=O)OC2c3nccnc3C(=O)N2c2ccc(Cl)cn2)CC1,0.7800689994
CNCCC(Oc1ccc(C(F)(F)F)cc1)c1ccccc1,2.6745741496
CN(C)CCCN1c2ccccc2Sc2ccc(Cl)cc21,1.8091280583
CN(C)CCOC(c1ccccc1)c1ccccc1,1.3014835815
COc1ccc2c3c1OC1CC(O)C=CC31CCN(C)C2,1.1602680736
CCc1cccc2c3c([nH]c12)C(CC)(CC(=O)O)OCC3,0.6322517589
CC(C)(C)NCC(O)COc1cccc2c1CC(O)C(O)C2,1.3621687332
O=C(O)c1cc(/N=N/c2ccc(S(=O)(=O)Nc3ccccn3)cc2)ccc1O,0.6983914427
CC1COc2c(N3CCN(C)CC3)c(F)cc3c(=O)c(C(=O)O)cn1c23,1.1035772106
Cn1c(=O)cc(N2CCCC(N)C2)n(Cc2ccccc2C#N)c1=O,1.2716180547
COc1ccc2c(c1)C13CCCCC1C(C2)N(C)CC3,1.6292209818
N#CC1CC2CC2N1C(=O)C(N)C12CC3CC(CC(O)(C3)C1)C2,0.9944192177
CCC/C(O)=N/c1ccc(OCC(O)CNC(C)C)c(C(C)=O)c1,1.5349290776
CC(C)NCC(O)COc1ccc(COCCOC(C)C)cc1,1.2194628492
COc1ccc2c(c1)c(CC(=O)O)c(C)n2C(=O)c1ccc(Cl)cc1,0.6202486739
CC(=O)CC(c1ccccc1)c1c(O)c2ccccc2oc1=O,0.7948070137
Clc1ccc2c(c1)CCc1cccnc1C2=C1CCNCC1,2.2385926696
COc1cc2nc(N3CCN(C(=O)c4ccco4)CC3)[nH]c(=N)c2cc1OC,1.3333750432
CN(C)CCCN1c2ccccc2CCc2ccccc21,1.9427146053
CC(CCc1ccccc1)NCC(O)c1ccc(O)c(C(=N)O)c1,2.0408573314
COc1cc2c(cc1OC)C1CC(=O)C(CC(C)C)CN1CC2,0.795836667
CC12CCC(=O)C=C1CCC1C2CCC2(C)C(O)CCC12,0.7979046347
NC1C2CN(c3nc4c(cc3F)c(=O)c(C(=O)O)cn4-c3ccc(F)cc3F)CC12,0.7327623711
CSc1ccc(/C=C2/C(C)=C(CC(=O)O)c3cc(F)ccc32)cc1,0.6570929059
COC1(/N=C(\O)C(C(=O)O)c2ccc(O)cc2)C(=O)N2C(C(=O)O)=C(CSc3nnnn3C)COC21,0.6142863642
CN(C)CCCC1(c2ccc(F)cc2)OCc2cc(C#N)ccc21,2.592131274
CN(Cc1cnc2nc(=N)[nH]c(N)c2n1)c1ccc(C(=O)NC(CCC(=O)O)C(=O)O)cc1,0.710876834
CN(C)CCC=C1c2ccccc2CCc2ccccc21,1.7676789964
O=C1CCC2(O)C3Cc4ccc(O)c5c4C2(CCN3CC2CC2)C1O5,1.4453468504
C=CC1CN2CCC1CC2C(O)c1ccnc2ccc(OC)cc12,1.7194403686
Cc1ccsc1C(=CCCN1CCCC(C(=O)O)C1)c1sccc1C,0.8257495627
CC1=C(/C=C/C(C)=C/C=C/C(C)=C/C(=O)O)C(C)(C)CCC1,0.8353648421
CC(C)(C)NCC(O)COc1ccc(N/C(O)=N/C2CCCCC2)cc1,1.7594146964
C/N=C(/O)c1ccc(N2C(=S)N(c3ccc(C#N)c(C(F)(F)F)c3)C(=O)C2(C)C)cc1F,0.7914630151
CNC(=O)c1cc(Oc2ccc(N/C(O)=N/c3ccc(Cl)c(C(F)(F)F)c3)cc2)ccn1,0.8394667131
CN1CCC(c2c(O)cc(O)c3c(=O)cc(-c4ccccc4Cl)oc23)C(O)C1,0.8055772152
OC1=Nc2cc(Cl)c(CCN3CCN(c4nsc5ccccc45)CC3)cc2C1,0.8037881842
CC(Oc1cc(-c2cnn(C3CCNCC3)c2)cnc1N)c1c(Cl)ccc(F)c1Cl,1.331632125
O=C(CCCN1CCC(O)(c2ccc(Cl)cc2)CC1)c1ccc(F)cc1,2.1539555301
COc1c(N2CC3CCCNC3C2)c(F)cc2c(=O)c(C(=O)O)cn(C3CC3)c12,1.6351436564
O=C(O)CCCN1CCC(OC(c2ccc(Cl)cc2)c2ccccn2)CC1,1.083283463
O=C(O)COCCN1CCN(C(c2ccccc2)c2ccc(Cl)cc2)CC1,0.9245823729
CN1CCCC1CCOC(C)(c1ccccc1)c1ccc(Cl)cc1,1.4547731198
CSc1ccc2c(c1)N(CCC1CCCCN1C)c1ccccc1S2,1.249735151
CCCNCC(O)COc1ccccc1C(=O)CCc1ccccc1,1.0879551463
CC(C)N(CCC(C(=N)O)(c1ccccc1)c1ccccn1)C(C)C,1.2582520482
Cc1cc(/C=C/C#N)cc(C)c1/N=c1\ccnc(Nc2ccc(C#N)cc2)[nH]1,0.6478192649
O=C1C(O)=C(C2CCC(c3ccc(Cl)cc3)CC2)C(=O)c2ccccc21,0.7305069648
CC(NCCCc1cccc(C(F)(F)F)c1)c1cccc2ccccc12,1.2178294518
CCOC(=O)N1CCC(=C2c3ccc(Cl)cc3CCc3cccnc32)CC1,0.6950461328
Oc1nc2ccccc2n1CCCN1CCC(n2c(O)nc3cc(Cl)ccc32)CC1,1.1708275189
CCOc1cc(C(CS(C)(=O)=O)N2C(=O)c3cccc(/N=C(/C)O)c3C2=O)ccc1OC,0.7790553029
COc1cc2c(c(OC)c1OC)-c1ccc(OC)c(=O)cc1C(/N=C(\C)O)CC2,1.029824198
CN1CCCC1Cc1c[nH]c2ccc(CCS(=O)(=O)c3ccccc3)cc12,1.5376748781
Cc1nc(Nc2ncc(/C(O)=N/c3c(C)cccc3Cl)s2)cc(N2CCN(CCO)CC2)n1,1.358975805
COc1ccc(C2Sc3ccccc3N(CCN(C)C)C(=O)C2OC(C)=O)cc1,0.8152777997
CCN(CC)CC/N=C(\O)c1c(C)[nH]c(/C=C2\C(O)=Nc3ccc(F)cc32)c1C,1.0708368856
CC(C)Nc1cccnc1N1CCN(C(=O)c2cc3cc(NS(C)(=O)=O)ccc3[nH]2)CC1,0.6546657373
CC(C)c1nc(N(C)S(C)(=O)=O)nc(-c2ccc(F)cc2)c1/C=C/C(O)CC(O)CC(=O)O,0.9767708467
CC1CC2C3CCC4=CC(=O)C=CC4(C)C3(F)C(O)CC2(C)C1(O)C(=O)CO,0.8376756153
CCCc1nn(C)c2c(=O)[nH]c(-c3cc(S(=O)(=O)N4CCN(C)CC4)ccc3OCC)nc12,0.8402776237
COc1cc2nc(N3CCN(C(=O)C4COc5ccccc5O4)CC3)[nH]c(=N)c2cc1OC,0.9452549589
OC1=Nc2cc(OCCCCN3CCN(c4cccc(Cl)c4Cl)CC3)ccc2CC1,0.9969458558
Cc1nc2n(c(=O)c1CCN1CCC(c3noc4cc(F)ccc34)CC1)CCCC2,0.920755632
Cc1nc2n(c(=O)c1CCN1CCC(c3noc4cc(F)ccc34)CC1)CCCC2O,0.7837554444
COc1cc(N)c(Cl)cc1/C(O)=N/C1CCN(CCCOc2ccc(F)cc2)CC1OC,1.2181229253
CC(C)n1c(/C=C/C(O)CC(O)CC(=O)O)c(-c2ccc(F)cc2)c2ccccc21,0.6359000969
CCCCC(=O)N(Cc1ccc(-c2ccccc2-c2nn[nH]n2)cc1)C(C(=O)O)C(C)C,0.5647677118
CN1CCc2nc(C(=O)NC3CC(C(=O)N(C)C)CCC3NC(=O)C(=O)Nc3ccc(Cl)cn3)sc2C1,0.5751413831
CC1=NN(c2ccc(C)c(C)c2)C(=O)/C1=N\Nc1cccc(-c2cccc(C(=O)O)c2)c1O,0.5026407085
COc1ccc(-n2nc(C(=N)O)c3c2C(=O)N(c2ccc(N4CCCCC4=O)cc2)CC3)cc1,0.6135698923
CCN1CCN(/C(O)=N/C(/C(O)=N/C2C(=O)N3C(C(=O)O)=C(CSc4nnnn4C)CSC23)c2ccc(O)cc2)C(=O)C1=O,0.6450345289
CCCCc1oc2ccccc2c1C(=O)c1cc(I)c(OCCN(CC)CC)c(I)c1,1.2225262875
CCc1nn(CCCN2CCN(c3cccc(Cl)c3)CC2)c(=O)n1CCOc1ccccc1,0.7668534457
CC(Cc1cc2c(c(C(=N)O)c1)N(CCCO)CC2)NCCOc1ccccc1OCC(F)(F)F,1.1751606602
CC(C)CN(CC(O)C(Cc1ccccc1)/N=C(\O)OC1CCOC1)S(=O)(=O)c1ccc(N)cc1,0.7059571736
CC/C(=C(\c1ccccc1)c1ccc(OCCN(C)C)cc1)c1ccccc1,1.4177992278
COC(=O)C1=C(C)NC(C)=C(C(=O)OCCN(C)Cc2ccccc2)C1c1cccc([N+](=O)[O-])c1,0.7782163213
COc1ccc(CCN(C)CCCC(C#N)(c2ccc(OC)c(OC)c2)C(C)C)cc1OC,0.9387673347
COc1cc2nccc(Oc3ccc(NC(=O)C4(C(=O)Nc5ccc(F)cc5)CC4)cc3)c2cc1OC,0.5390097095
COc1ccc(CCN2CCC(/N=c3/[nH]c4ccccc4n3Cc3ccc(F)cc3)CC2)cc1,1.8023287997
Cc1cc(Nc2ncc(Cl)/c(=N/c3ccccc3S(=O)(=O)C(C)C)[nH]2)c(OC(C)C)cc1C1CCNCC1,1.9677149294
Cc1ccc(NC(=O)c2ccc(CN3CCN(C)CC3)cc2)cc1Nc1nccc(-c2cccnc2)n1,0.9537739994
COc1cc(C2c3cc4c(cc3C(OC3OC5COC(C)OC5C(O)C3O)C3COC(=O)C23)OCO4)cc(OC)c1O,1.0249936295
CN(C)C(=O)C(CCN1CCC(O)(c2ccc(Cl)cc2)CC1)(c1ccccc1)c1ccccc1,1.1213509609
Cc1nnc(C(C)C)n1C1CC2CCC(C1)N2CCC(/N=C(/O)C1CCC(F)(F)CC1)c1ccccc1,1.0388253277
COCCCOc1cc(CC(CC(N)C(O)CC(/C(O)=N\CC(C)(C)C(=N)O)C(C)C)C(C)C)ccc1OC,1.3177704887
CC(C)(C(=O)O)c1ccc(C(O)CCCN2CCC(C(O)(c3ccccc3)c3ccccc3)CC2)cc1,0.8664694435
CC(C)(C)c1ccc(C(O)CCCN2CCC(C(O)(c3ccccc3)c3ccccc3)CC2)cc1,1.5478481571
Cc1c(O)cccc1/C(O)=N\C(CSc1ccccc1)C(O)CN1CC2CCCCC2CC1/C(O)=N\C(C)(C)C,0.6368816662
CC(C)(C)/N=C(/O)C1CN(Cc2cccnc2)CCN1CC(O)CC(Cc1ccccc1)/C(O)=N/C1c2ccccc2CC1O,0.9628765442
CC(C)c1nc(CN(C)/C(O)=N/C(/C(O)=N/C(Cc2ccccc2)CC(O)C(Cc2ccccc2)/N=C(\O)OCc2cncs2)C(C)C)cs1,0.733223641
CCC1OC(=O)C(C)C(OC2CC(C)(OC)C(O)C(C)O2)C(C)C(OC2OC(C)CC(N(C)C)C2O)C(C)(O)CC(C)C(=O)C(C)C(O)C1(C)O,1.2314973026
CC(C)(C)/N=C(\O)C1CC2CCCCC2CN1CC(O)C(Cc1ccccc1)/N=C(\O)C(CC(=N)O)NC(=O)c1ccc2ccccc2n1,0.7258922651
CCC1OC(=O)C(C)C(OC2CC(C)(OC)C(O)C(C)O2)C(C)C(OC2OC(C)CC(N(C)C)C2O)C(C)(OC)CC(C)C(=O)C(C)C(O)C1(C)O,1.2343428634
O/C(=N\C1CCN(CCCCC2(/C(O)=N/CC(F)(F)F)c3ccccc3-c3ccccc32)CC1)c1ccccc1-c1ccc(C(F)(F)F)cc1,1.2915058397
CC1OC(OC2C(O)CC(OC3C(O)CC(OC4CCC5(C)C(CCC6C5CC(O)C5(C)C(C7=CC(=O)OC7)CCC65O)C4)OC3C)OC2C)CC(O)C1O,2.3328020622
COC1/C=C\OC2(C)Oc3c(C)c(O)c4c(O)c(c(/C=N/N5CCN(C)CC5)c(O)c4c3C2=O)/N=C(O)\C(C)=C/C=C\C(C)C(O)C(C)C(O)C(C)C(OC(C)=O)C1C,0.8321012812
CC(=O)OC1C(=O)C2(C)C(O)CC3OCC3(OC(C)=O)C2C(OC(=O)c2ccccc2)C2(O)CC(OC(=O)C(O)C(/N=C(\O)c3ccccc3)c3ccccc3)C(C)=C1C2(C)C,1.005675449
COC1CC2CCC(C)C(O)(O2)C(=O)C(=O)N2CCCCC2C(=O)OC(C(C)CC2CCC(OCCO)C(OC)C2)CC(=O)C(C)/C=C(/C)C(O)C(OC)C(=O)C(C)CC(C)/C=C\C=C/C=C\1C,0.6440360851
CCC(C)C1OC2(CCC1C)CC1CC(C/C=C(/C)C(OC3CC(OC)C(OC4CC(OC)C(O)C(C)O4)C(C)O3)C(C)/C=C\C=C3\COC4C(O)C(C)=CC(C(=O)O1)C34O)O2,0.9238683424
CCC(CO)/N=c1\nc2c(ncn2C(C)C)c(NCc2ccccc2)[nH]1,0.7947991983
CCc1cccc2cc(C(O)CNC(C)(C)C)oc12,1.1562079978
