smiles,value,label,combined
Sc1ncnc2[nH]cnc12,,1,50
CS(=O)(=O)OCCCCOS(C)(=O)=O,72,1,72
Cn1c(=O)c2nc[nH]c2n(C)c1=O,,1,50
NS(=O)(=O)c1cc2c(cc1Cl)NCNS2(=O)=O,,1,100
N=c1[nH]c2ccc(OC(F)(F)F)cc2s1,31,1,31
O=C1N=C(O)CN1/N=C/c1ccc([N+](=O)[O-])o1,,1,50
N=c1nc(O)n(C2CSC(CO)O2)cc1F,,1,50
N=c1nnc(-c2cccc(Cl)c2Cl)c(N)[nH]1,78.61963,1,78.61963
CC(=O)Oc1ccccc1C(=O)O,29,1,29
CC(CS)C(=O)N1CCCC1C(=O)O,73,1,73
CN(C)c1nc(N(C)C)nc(N(C)C)n1,2,0,2
NCC(CC(=O)O)c1ccc(Cl)cc1,44,1,44
CCOc1ccc(/N=C(\C)O)cc1,69,1,69
Cc1cn(C2CC(N=[N+]=[N-])C(CO)O2)c(=O)nc1O,,1,100
Cc1cn(C2CC(O)C(CO)O2)c(=O)nc1O,,1,50
C=CCN1CCc2[nH]c(=N)sc2CC1,27.83823,1,27.83823
CCCNC1CCc2[nH]c(=N)sc2C1,,1,100
Cc1cc(=O)n(-c2ccccc2)n1C,74,1,74
CCC(C(=N)O)(C(=N)O)c1ccccc1,,1,50
C/C(O)=C(\C#N)C(=O)Nc1ccc(C(F)(F)F)cc1,,1,100
NS(=O)(=O)c1cc(C(=O)O)c(NCc2ccco2)cc1Cl,,1,100
COc1ccc(C(=O)N2CCCC2=O)cc1,109.62,1,109.62
CCNC(C)Cc1cccc(C(F)(F)F)c1,115.63,1,115.63
CC(C)NCC(O)c1ccc(NS(C)(=O)=O)cc1,,1,100
CC12CC3CC(C)(C1)CC(N)(C3)C2,81,1,81
CC1(C)OC2COC3(COS(N)(=O)=O)OC(C)(C)OC3C2O1,,1,100
c1cnc2cc3c(cc2n1)C1CNCC3C1,,1,100
N=c1c2c([nH]c3ccccc13)CCCC2,89,1,89
CC(NC(C)(C)C)C(=O)c1cccc(Cl)c1,80,1,80
NC(Cc1ccc(N(CCCl)CCCl)cc1)C(=O)O,0.2,0,0.2
CC(C)C(N)C(=O)OCCOCn1cnc2c(O)nc(=N)[nH]c21,101,1,101
CN/C(=C\[N+](=O)[O-])NCCSCc1ccc(CN(C)C)o1,,1,100
OC1=Nc2ccc(Br)cc2C(c2ccccn2)=NC1,105.5941,1,105.5941
O=C1CCCC(=O)C1C(=O)c1ccc(C(F)(F)F)cc1[N+](=O)[O-],,1,100
O=C(O)Cc1ccccc1Nc1c(Cl)cccc1Cl,,1,100
NS(=O)(=O)c1cc(C2(O)N=C(O)c3ccccc32)ccc1Cl,,1,100
Cc1ccc(C(=O)c2cc(O)c(O)c([N+](=O)[O-])c2)cc1,,1,100
Cc1nnc(SCC2=C(C(=O)O)N3C(=O)C(/N=C(/O)Cn4cnnn4)C3SC2)s1,,1,150
CCN(CC)C(=O)/C(C#N)=C/c1cc(O)c(O)c([N+](=O)[O-])c1,,1,100
CC(C)(C)C(O)/C=C/c1ccc2c(c1)OCO2,2,0,2
COc1cc(Cc2c[nH]c(=N)[nH]c2=N)cc(OC)c1OC,,1,100
COC(=O)C(c1ccccc1)C1CCCCN1,95.89041,1,95.89041
CC(C)NCC(O)COc1cccc2[nH]ccc12,,1,50
CCN(CC)CC/N=C(/O)c1cc(Cl)c(N)cc1OC,,1,100
CC(C)NCC(O)COc1ccc(CC(=N)O)cc1,,1,100
OC1=Nc2ccc(Cl)cc2C(c2ccccc2Cl)=NC1O,7.70784,0,7.70784
O=[N+]([O-])c1ccc2c(c1)C(c1ccccc1Cl)=NCC(O)=N2,9.534442,0,9.534442
N=C(O)N1c2ccccc2C=Cc2ccccc21,,1,50
N=C(O)N1c2ccccc2CC(=O)c2ccccc21,61.80615,1,61.80615
OC1=NC(c2ccccc2)(c2ccccc2)C(O)=N1,19,1,19
CC(C(=O)O)c1cccc(Oc2ccccc2)c1,,1,200
COCCCC/C(=N\OCCN)c1ccc(C(F)(F)F)cc1,137,1,137
COCCc1ccc(OCC(O)CNC(C)C)cc1,266,1,266
CN1C(=O)CN=C(c2ccccc2F)c2cc([N+](=O)[O-])ccc21,16.91712,1,16.91712
CN1C(=O)CN=C(c2ccccc2)c2cc(Cl)ccc21,34,1,34
CO/N=C(C(\O)=N\C1C(=O)N2C(C(=O)O)=C(COC(C)=O)CSC12)/c1csc(=N)[nH]1,190,1,190
CCn1cc(C(=O)O)c(=O)c2cc(F)c(N3CCNCC3)cc21,,1,100
CC1(C)SC2C(/N=C(\O)C(N)c3ccc(O)cc3)C(=O)N2C1C(=O)O,,1,150
CC(C)NCC(O)COc1cccc2ccccc12,,1,100
Cn1c(CCCC(=O)O)nc2cc(N(CCCl)CCCl)ccc21,,0,0.4
CN(C)CCc1c[nH]c2ccc(CC3COC(O)=N3)cc12,,1,100
COc1cccc(C2(O)CCCCC2CN(C)C)c1,,1,100
CN(C)CC(c1ccc(O)cc1)C1(O)CCCCC1,152,1,152
Fc1ccccc1C1=NCC(=S)N(CC(F)(F)F)c2ccc(Cl)cc21,0.116037,0,0.116037
Cc1nnc2n1-c1ccc(Cl)cc1C(c1ccccc1Cl)=NC2,12.321239,1,12.321239
Cc1nnc2n1-c1ccc(Cl)cc1C(c1ccccc1)=NC2,65.76588,1,65.76588
Cc1ccc(-c2cc(C(F)(F)F)nn2-c2ccc(S(N)(=O)=O)cc2)cc1,0.7,0,0.7
O=C(N=c1c(Cl)c[nH]cc1Cl)c1ccc(OC(F)F)c(OCC2CC2)c1,0.3,0,0.3
CS(=O)(=O)c1ccc(C2=C(c3ccccc3)C(=O)OC2)cc1,4,0,4
Cn1nnc(-c2ccc(-c3ccc(N4CC(CO)OC4=O)cc3F)cn2)n1,11,1,11
N=C(O)CCC/N=C(\c1ccc(Cl)cc1)c1cc(F)ccc1O,18.479304,1,18.479304
CNC1CCC(c2ccc(Cl)c(Cl)c2)c2ccccc21,107.1805,1,107.1805
CN1CCN(C(=O)OC2c3nccnc3C(=O)N2c2ccc(Cl)cn2)CC1,118,1,118
CNCCC(Oc1ccc(C(F)(F)F)cc1)c1ccccc1,72,1,72
CN(C)CCCN1c2ccccc2Sc2ccc(Cl)cc21,44,1,44
CN(C)CCOC(c1ccccc1)c1ccccc1,116,1,116
COc1ccc2c3c1OC1CC(O)C=CC31CCN(C)C2,,1,100
CCc1cccc2c3c([nH]c12)C(CC)(CC(=O)O)OCC3,,1,100
CC(C)CC(N(C)C)C1(c2ccc(Cl)cc2)CCC1,40.01855,1,40.01855
CC(C)(C)NCC(O)COc1cccc2c1CC(O)C(O)C2,,1,100
Cc1ncc2n1-c1ccc(Cl)cc1C(c1ccccc1F)=NC2,30,1,30
O=C(O)c1cc(/N=N/c2ccc(S(=O)(=O)Nc3ccccn3)cc2)ccc1O,,1,150
Cc1nccn1CC1CCc2c(c3ccccc3n2C)C1=O,35.2032,1,35.2032
CC1COc2c(N3CCN(C)CC3)c(F)cc3c(=O)c(C(=O)O)cn1c23,,1,100
Cn1c(=O)cc(N2CCCC(N)C2)n(Cc2ccccc2C#N)c1=O,,1,150
COc1ccc2c(c1)C13CCCCC1C(C2)N(C)CC3,128,1,128
N#CC1CC2CC2N1C(=O)C(N)C12CC3CC(CC(O)(C3)C1)C2,127,1,127
CCCCN1CCCCC1/C(O)=N/c1c(C)cccc1C,101.52736,1,101.52736
CCC/C(O)=N/c1ccc(OCC(O)CNC(C)C)c(C(C)=O)c1,,1,100
CC(C)NCC(O)COc1ccc(COCCOC(C)C)cc1,,1,150
COc1ccc2c(c1)c(CC(=O)O)c(C)n2C(=O)c1ccc(Cl)cc1,138,1,138
CC(=O)CC(c1ccccc1)c1c(O)c2ccccc2oc1=O,,1,100
Clc1ccc2c(c1)CCc1cccnc1C2=C1CCNCC1,,1,100
O=C(OC1CC2CC3CC(C1)N2CC3=O)c1c[nH]c2ccccc12,63.25215,1,63.25215
Cc1ccc(-c2nc3ccc(C)cn3c2CC(=O)N(C)C)cc1,79.9214,1,79.9214
COc1cc2nc(N3CCN(C(=O)c4ccco4)CC3)[nH]c(=N)c2cc1OC,26,1,26
CN(C)CCCN1c2ccccc2CCc2ccc(Cl)cc21,124.36575,1,124.36575
CN(C)CCCN1c2ccccc2CCc2ccccc21,,1,100
CC(CCc1ccccc1)NCC(O)c1ccc(O)c(C(=N)O)c1,145,1,145
CCCN1CC(CSC)CC2c3cccc4[nH]cc(c34)CC21,0.660429,0,0.660429
COc1cc2c(cc1OC)C1CC(=O)C(CC(C)C)CN1CC2,10,1,10
CC12CCC(=O)C=C1CCC1C2CCC2(C)C(O)CCC12,29,1,29
COC1=C(OC)C(=O)C(CCCCCCCCCCO)=C(C)C1=O,5.41504,0,5.41504
NC1C2CN(c3nc4c(cc3F)c(=O)c(C(=O)O)cn4-c3ccc(F)cc3F)CC12,18,1,18
CSc1ccc(/C=C2/C(C)=C(CC(=O)O)c3cc(F)ccc32)cc1,19,1,19
COC1(/N=C(\O)C(C(=O)O)c2ccc(O)cc2)C(=O)N2C(C(=O)O)=C(CSc3nnnn3C)COC21,200,1,200
CN(C)CCCC1(c2ccc(F)cc2)OCc2cc(C#N)ccc21,,1,150
CN(Cc1cnc2nc(=N)[nH]c(N)c2n1)c1ccc(C(=O)NC(CCC(=O)O)C(=O)O)cc1,,1,150
CN(C)CCC=C1c2ccccc2CCc2ccccc21,16,1,16
O=C1CCC2(O)C3Cc4ccc(O)c5c4C2(CCN3CC2CC2)C1O5,,1,150
C=CC1CN2CCC1CC2C(O)c1ccnc2ccc(OC)cc12,,1,300
Cc1ccsc1C(=CCCN1CCCC(C(=O)O)C1)c1sccc1C,,1,150
CC1=C(/C=C/C(C)=C/C=C/C(C)=C/C(=O)O)C(C)(C)CCC1,12,1,12
CC(C)(C)NCC(O)COc1ccc(N/C(O)=N/C2CCCCC2)cc1,,1,100
C/N=C(/O)c1ccc(N2C(=S)N(c3ccc(C#N)c(C(F)(F)F)c3)C(=O)C2(C)C)cc1F,2,0,2
CNC(=O)c1cc(Oc2ccc(N/C(O)=N/c3ccc(Cl)c(C(F)(F)F)c3)cc2)ccn1,,0,0.5
CN1CCC(c2c(O)cc(O)c3c(=O)cc(-c4ccccc4Cl)oc23)C(O)C1,150,1,150
OC1=Nc2cc(Cl)c(CCN3CCN(c4nsc5ccccc45)CC3)cc2C1,0.1,0,0.1
CC(Oc1cc(-c2cnn(C3CCNCC3)c2)cnc1N)c1c(Cl)ccc(F)c1Cl,57,1,57
CCCN(CCC)C(=O)Cc1c(-c2ccc(Cl)cc2)nc2ccc(Cl)cn12,0.303248,0,0.303248
O=C(CCCN1CCC(O)(c2ccc(Cl)cc2)CC1)c1ccc(F)cc1,8,0,8
COc1c(N2CC3CCCNC3C2)c(F)cc2c(=O)c(C(=O)O)cn(C3CC3)c12,,1,150
OCCOCCN1CCN(C2=Nc3ccccc3Sc3ccccc32)CC1,118.8881,1,118.8881
O=C(O)CCCN1CCC(OC(c2ccc(Cl)cc2)c2ccccn2)CC1,,1,200
O=C(O)COCCN1CCN(C(c2ccccc2)c2ccc(Cl)cc2)CC1,,1,150
CN1c2ccccc2C(NCCCCCCC(=O)O)c2ccc(Cl)cc2S1(=O)=O,218.475,1,218.475
CN1CCCC1CCOC(C)(c1ccccc1)c1ccc(Cl)cc1,16,1,16
CSc1ccc2c(c1)N(CCC1CCCCN1C)c1ccccc1S2,5,0,5
CCCNCC(O)COc1ccccc1C(=O)CCc1ccccc1,142,1,142
CC(C)N(CCC(C(=N)O)(c1ccccc1)c1ccccn1)C(C)C,,1,100
Cc1cc(/C=C/C#N)cc(C)c1/N=c1\ccnc(Nc2ccc(C#N)cc2)[nH]1,,0,0.4
O=C1C(O)=C(C2CCC(c3ccc(Cl)cc3)CC2)C(=O)c2ccccc21,,0,0.1
CC(NCCCc1cccc(C(F)(F)F)c1)c1cccc2ccccc12,,0,0.7
CCOC(=O)N1CCC(=C2c3ccc(Cl)cc3CCc3cccnc32)CC1,1,0,1
Oc1nc2ccccc2n1CCCN1CCC(n2c(O)nc3cc(Cl)ccc32)CC1,2,0,2
CCOc1cc(C(CS(C)(=O)=O)N2C(=O)c3cccc(/N=C(/C)O)c3C2=O)ccc1OC,42,1,42
COc1cc2c(c(OC)c1OC)-c1ccc(OC)c(=O)cc1C(/N=C(\C)O)CC2,,1,150
CN1CCCC1Cc1c[nH]c2ccc(CCS(=O)(=O)c3ccccc3)cc12,,1,150
Cc1nc(Nc2ncc(/C(O)=N/c3c(C)cccc3Cl)s2)cc(N2CCN(CCO)CC2)n1,44,1,44
COc1ccc(C2Sc3ccccc3N(CCN(C)C)C(=O)C2OC(C)=O)cc1,141,1,141
CCN(CC)CC/N=C(\O)c1c(C)[nH]c(/C=C2\C(O)=Nc3ccc(F)cc32)c1C,94,1,94
CC(C)Nc1cccnc1N1CCN(C(=O)c2cc3cc(NS(C)(=O)=O)ccc3[nH]2)CC1,34,1,34
CC(C)c1nc(N(C)S(C)(=O)=O)nc(-c2ccc(F)cc2)c1/C=C/C(O)CC(O)CC(=O)O,,1,400
CCC(=O)OC(Cc1ccccc1)(c1ccccc1)C(C)CN(C)C,84.8675,1,84.8675
CC1CC2C3CCC4=CC(=O)C=CC4(C)C3(F)C(O)CC2(C)C1(O)C(=O)CO,58,1,58
CCCc1nn(C)c2c(=O)[nH]c(-c3cc(S(=O)(=O)N4CCN(C)CC4)ccc3OCC)nc12,12,1,12
COc1cc2nc(N3CCN(C(=O)C4COc5ccccc5O4)CC3)[nH]c(=N)c2cc1OC,55,1,55
OC1=Nc2cc(OCCCCN3CCN(c4cccc(Cl)c4Cl)CC3)ccc2CC1,0.461842,0,0.461842
Cc1nc2n(c(=O)c1CCN1CCC(c3noc4cc(F)ccc34)CC1)CCCC2,146,1,146
Cc1nc2n(c(=O)c1CCN1CCC(c3noc4cc(F)ccc34)CC1)CCCC2O,,1,150
COc1cc(N)c(Cl)cc1/C(O)=N/C1CCN(CCCOc2ccc(F)cc2)CC1OC,0.3,0,0.3
OC1=NCCN1CCN1CCC(c2cn(-c3ccc(F)cc3)c3ccc(Cl)cc23)CC1,7.981014,0,7.981014
CC(C)n1c(/C=C/C(O)CC(O)CC(=O)O)c(-c2ccc(F)cc2)c2ccccc21,,1,150
COc1cc2c(cc1OC)C(=O)C(CC1CCN(Cc3ccccc3)CC1)C2,162.80121,1,162.80121
CCCCC(=O)N(Cc1ccc(-c2ccccc2-c2nn[nH]n2)cc1)C(C(=O)O)C(C)C,,1,150
CN1CCc2nc(C(=O)NC3CC(C(=O)N(C)C)CCC3NC(=O)C(=O)Nc3ccc(Cl)cn3)sc2C1,35,1,35
CC1=NN(c2ccc(C)c(C)c2)C(=O)/C1=N\Nc1cccc(-c2cccc(C(=O)O)c2)c1O,0.2,0,0.2
COc1ccc(-n2nc(C(=N)O)c3c2C(=O)N(c2ccc(N4CCCCC4=O)cc2)CC3)cc1,22,1,22
CCN1CCN(/C(O)=N/C(/C(O)=N/C2C(=O)N3C(C(=O)O)=C(CSc4nnnn4C)CSC23)c2ccc(O)cc2)C(=O)C1=O,207,1,207
CCCCc1oc2ccccc2c1C(=O)c1cc(I)c(OCCN(CC)CC)c(I)c1,,0,0.4
CCc1nn(CCCN2CCN(c3cccc(Cl)c3)CC2)c(=O)n1CCOc1ccccc1,3,0,3
CC(Cc1cc2c(c(C(=N)O)c1)N(CCCO)CC2)NCCOc1ccccc1OCC(F)(F)F,,1,150
CC(C)CN(CC(O)C(Cc1ccccc1)/N=C(\O)OC1CCOC1)S(=O)(=O)c1ccc(N)cc1,56,1,56
CC/C(=C(\c1ccccc1)c1ccc(OCCN(C)C)cc1)c1ccccc1,,0,0.4
COC(=O)C1=C(C)NC(C)=C(C(=O)OCCN(C)Cc2ccccc2)C1c1cccc([N+](=O)[O-])c1,,0,0.4
COc1ccc(CCN(C)CCCC(C#N)(c2ccc(OC)c(OC)c2)C(C)C)cc1OC,115,1,115
COc1cc2nccc(Oc3ccc(NC(=O)C4(C(=O)Nc5ccc(F)cc5)CC4)cc3)c2cc1OC,,0,0.1
COc1ccc(CCN2CCC(/N=c3/[nH]c4ccccc4n3Cc3ccc(F)cc3)CC2)cc1,1,0,1
Cc1cc(Nc2ncc(Cl)/c(=N/c3ccccc3S(=O)(=O)C(C)C)[nH]2)c(OC(C)C)cc1C1CCNCC1,0.7,0,0.7
Cc1ccc(NC(=O)c2ccc(CN3CCN(C)CC3)cc2)cc1Nc1nccc(-c2cccnc2)n1,187,1,187
COc1cc(C2c3cc4c(cc3C(OC3OC5COC(C)OC5C(O)C3O)C3COC(=O)C23)OCO4)cc(OC)c1O,75,1,75
CN(C)C(=O)C(CCN1CCC(O)(c2ccc(Cl)cc2)CC1)(c1ccccc1)c1ccccc1,24,1,24
Cc1nnc(C(C)C)n1C1CC2CCC(C1)N2CCC(/N=C(/O)C1CCC(F)(F)CC1)c1ccccc1,,1,200
COCCCOc1cc(CC(CC(N)C(O)CC(/C(O)=N\CC(C)(C)C(=N)O)C(C)C)C(C)C)ccc1OC,,1,450
CC(C)(C(=O)O)c1ccc(C(O)CCCN2CCC(C(O)(c3ccccc3)c3ccccc3)CC2)cc1,,1,200
CC(C)(C)c1ccc(C(O)CCCN2CCC(C(O)(c3ccccc3)c3ccccc3)CC2)cc1,0.7,0,0.7
Cc1c(O)cccc1/C(O)=N\C(CSc1ccccc1)C(O)CN1CC2CCCCC2CC1/C(O)=N\C(C)(C)C,0.3,0,0.3
CN1CC(/C(O)=N/C2(C)OC3(O)C4CCCN4C(=O)C(Cc4ccccc4)N3C2=O)CC2c3cccc4[nH]cc(c34)CC21,21.59616,1,21.59616
CC(C)(C)/N=C(/O)C1CN(Cc2cccnc2)CCN1CC(O)CC(Cc1ccccc1)/C(O)=N/C1c2ccccc2CC1O,15,1,15
CC(C)c1nc(CN(C)/C(O)=N/C(/C(O)=N/C(Cc2ccccc2)CC(O)C(Cc2ccccc2)/N=C(\O)OCc2cncs2)C(C)C)cs1,4,0,4
CCC1OC(=O)C(C)C(OC2CC(C)(OC)C(O)C(C)O2)C(C)C(OC2OC(C)CC(N(C)C)C2O)C(C)(O)CC(C)C(=O)C(C)C(O)C1(C)O,,1,250
CC(C)(C)/N=C(\O)C1CC2CCCCC2CN1CC(O)C(Cc1ccccc1)/N=C(\O)C(CC(=N)O)NC(=O)c1ccc2ccccc2n1,18,1,18
CCC1OC(=O)C(C)C(OC2CC(C)(OC)C(O)C(C)O2)C(C)C(OC2OC(C)CC(N(C)C)C2O)C(C)(OC)CC(C)C(=O)C(C)C(O)C1(C)O,233,1,233
O/C(=N\C1CCN(CCCCC2(/C(O)=N/CC(F)(F)F)c3ccccc3-c3ccccc32)CC1)c1ccccc1-c1ccc(C(F)(F)F)cc1,3,0,3
CC1OC(OC2C(O)CC(OC3C(O)CC(OC4CCC5(C)C(CCC6C5CC(O)C5(C)C(C7=CC(=O)OC7)CCC65O)C4)OC3C)OC2C)CC(O)C1O,13,1,13
COC1/C=C\OC2(C)Oc3c(C)c(O)c4c(O)c(c(/C=N/N5CCN(C)CC5)c(O)c4c3C2=O)/N=C(O)\C(C)=C/C=C\C(C)C(O)C(C)C(O)C(C)C(OC(C)=O)C1C,,1,300
CC(=O)OC1C(=O)C2(C)C(O)CC3OCC3(OC(C)=O)C2C(OC(=O)c2ccccc2)C2(O)CC(OC(=O)C(O)C(/N=C(\O)c3ccccc3)c3ccccc3)C(C)=C1C2(C)C,0.2,0,0.2
COC1CC2CCC(C)C(O)(O2)C(=O)C(=O)N2CCCCC2C(=O)OC(C(C)CC2CCC(OCCO)C(OC)C2)CC(=O)C(C)/C=C(/C)C(O)C(OC)C(=O)C(C)CC(C)/C=C\C=C/C=C\1C,8,0,8
CCC(C)C1OC2(CCC1C)CC1CC(C/C=C(/C)C(OC3CC(OC)C(OC4CC(OC)C(O)C(C)O4)C(C)O3)C(C)/C=C\C=C3\COC4C(O)C(C)=CC(C(=O)O1)C34O)O2,0.5,0,0.5
CCC(CO)/N=c1\nc2c(ncn2C(C)C)c(NCc2ccccc2)[nH]1,3,0,3
CCc1cccc2cc(C(O)CNC(C)(C)C)oc12,115,1,115
CCC/N=C(/O)c1nnc2c(CC(C)C)cccc2c1N,1.317302,0,1.317302
CCN(CCO)C(=O)c1nc2cccnc2n1-c1cccc(C(F)(F)F)c1,9.0804,0,9.0804
COc1cc(-c2c(F)ccc3c(N)c(C(=O)NC4CC4)nnc23)c(OC)nn1,2.383032,0,2.383032
CCC/N=C(/O)c1nnc2c(-c3ccccc3)cccc2c1N,2.91042,0,2.91042
C/N=C(\O)c1nnc2c(-c3cc(OC)ccc3OC)cccc2c1N,0.879736,0,0.879736
CCC/N=C(/O)c1nnc2c(-c3cnccc3OC)cccc2c1N,9.480378,0,9.480378
CCC/N=C(/O)c1nnc2c(-c3cnc(OC)nc3OC)cccc2c1N,0.699941,0,0.699941
COc1ccc(-c2cnc3[nH]cc(/C(O)=N/C(C)CO)c3n2)cc1OC,2,0,2
CCN(CCO)C(=O)c1cc2ccccn2c1-c1cccc(C(F)(F)F)n1,135.8496,1,135.8496
CCN(CCO)C(=O)c1cc2cccnn2c1-c1ccc(C(F)(F)F)cc1,8.30192,0,8.30192
CCN(CCO)C(=O)c1nc2ccccn2c1-c1cccc(C(F)(F)F)c1,101.8872,1,101.8872
CCN(CCO)C(=O)c1cc2ccncn2c1-c1cccc(C(F)(F)F)c1,90.5664,1,90.5664
CCN(CCO)C(=O)c1cc2cccnn2c1-c1cccc(C(F)(F)F)c1,75.472,1,75.472
COc1ccc(-c2c(F)ccc3c(N)c(C(=O)NC4CC4)nnc23)c(OC)n1,0.76676,0,0.76676
CCC/N=C(/O)c1nnc2c(-c3c(F)cccc3OC)cccc2c1N,2.693288,0,2.693288
COc1ncc(C)cc1-c1cccc2c(N)c(/C(O)=N/C3CC3)nnc12,3.773412,0,3.773412
CCNC(=O)c1nnc2c(-c3cc(OC)ccc3OC)c(F)ccc2c1N,1.8519,0,1.8519
CCC/N=C(/O)c1nnc2c(-c3cccc(C)c3)cccc2c1N,2.56312,0,2.56312
CCC/N=C(/O)c1nnc2c(-c3ccccc3C)cccc2c1N,8.586452,0,8.586452
CC/N=C(/O)c1nnc2c(-c3cc(OC)ccc3OC)cccc2c1N,2.889598,0,2.889598
CCN(CCO)C(=O)c1cc2cccnn2c1-c1cccc(C)c1,106.7187,1,106.7187
CCN(CCO)C(=O)c1cc2cccnn2c1-c1cccc(OC)c1,115.3926,1,115.3926
CCN(CCO)C(=O)c1cc2ccccn2c1-c1cccc(OC)n1,64.4841,1,64.4841
CCCN1Cc2[nH]c3c(CC(C)(C)C)cccc3c(=N)c2C1=O,1.058828,0,1.058828
O=C1c2ccccc2C(/C(O)=N/Cc2ccc(OC(F)(F)F)cc2)N1CCC(F)(F)F,4.90974,0,4.90974
N#CCCN1C(=O)c2ccccc2C1/C(O)=N/Cc1ccc(OC(F)(F)F)cc1,18.15075,1,18.15075
O=C(c1cc2cccnn2c1-c1cccc(C(F)(F)F)c1)N1CCCC1CO,140.1732,1,140.1732
COc1ccc(OC)c(-c2cccc3c(=N)c4c([nH]c23)CN(C)C4=O)c1,0.279504,0,0.279504
COc1ccc(OC)c(-c2cccc3c(N)c(/C(O)=N/CCC(F)(F)F)nnc23)c1,1.177092,0,1.177092
COc1ccc(OC)c(-c2c(F)ccc3c(N)c(C(=O)NC4CC4)nnc23)c1,3.365032,0,3.365032
Cn1nc(-c2cnc3[nH]cc(/C(O)=N/C4(C)CC(N)C4)c3n2)c2ccc(F)cc21,5.4772255751,0,5.4772255751
CCN(CCO)C(=O)c1cc2cccnn2c1Cc1cccc(C(F)(F)F)c1,66.5363,1,66.5363
CCN(CCO)C(=O)c1cc2cc(C)cnn2c1-c1cccc(C(F)(F)F)c1,74.3641,1,74.3641
CCN(CCO)C(=O)c1cc2c(C)ccnn2c1-c1cccc(C(F)(F)F)c1,12.52448,1,12.52448
CCN(CCO)C(=O)c1cc2ccc(C)nn2c1-c1cccc(C(F)(F)F)c1,10.95892,1,10.95892
Cn1nc(-c2cnc3[nH]cc(/C(O)=N/C4COCC(N)C4)c3n2)c2ccc(F)cc21,101,1,101
CCN(CCO)C(=O)c1cc2cc(OC)cnn2c1-c1cccc(C(F)(F)F)c1,10.18475,1,10.18475
COc1ccc(OC)c(-c2cccc3c(N)c(/C(O)=N/C4CC4)nnc23)c1,3.24316,0,3.24316
COc1ccc(OC)c(-c2c(F)ccc3c(N)c(C(=O)NC(C)C)nnc23)c1,2.99832,0,2.99832
CCCNC(=O)c1nnc2c(-c3cc(OC)ccc3OC)c(F)ccc2c1N,1.26852,0,1.26852
CCCNC(=O)c1nnc2c(-c3ccc(OC)cc3OC)c(F)ccc2c1N,0.53816,0,0.53816
CCC/N=C(/O)c1nnc2c(-c3cc(C)ccc3C)cccc2c1N,0.468174,0,0.468174
CCC/N=C(/O)c1nnc2c(-c3ccc(C)cc3C)cccc2c1N,0.267528,0,0.267528
CCC/N=C(/O)c1nnc2c(-c3cc(C)cc(C)c3)cccc2c1N,0.267528,0,0.267528
CCCN(CCO)C(=O)c1cc2ccccn2c1-c1ccccc1,90.272,1,90.272
CCN(CCO)C(=O)c1cc2ccccn2c1-c1cccc(C)c1,83.824,1,83.824
CCC/N=C(/O)c1nnc2c(-c3cc(C)ccc3OC)cccc2c1N,2.908403,0,2.908403
CCN(CCO)C(=O)c1cc2ccccn2c1-c1cccc(OC)c1,50.76,1,50.76
COc1ccc(OC)c(-c2cccc3c(N)c(/C(O)=N/C(C)C)nnc23)c1,1.722127,0,1.722127
CCC/N=C(/O)c1nnc2c(-c3cc(OC)ccc3OC)cccc2c1N,1.428999,0,1.428999
COc1ccc(OC)c(-c2cccc3c(N)c(/C(O)=N/CCCO)nnc23)c1,4.20651,0,4.20651
O=C1c2ccccc2C(/C(O)=N/Cc2ccc(OC(F)(F)F)cc2)N1C1CC(F)(F)C1,1.76144,0,1.76144
CCN(Cc1cc[nH]n1)C(=O)c1cc2cccnn2c1-c1cccc(C(F)(F)F)c1,62.01,1,62.01
CC(CC#N)N1C(=O)c2ccccc2C1/C(O)=N/Cc1ccc(OC(F)(F)F)cc1,29.2166,1,29.2166
O=C1c2ccccc2C(/C(O)=N\Cc2ccc(OC(F)(F)F)cc2)N1CCOCC(F)(F)F,1.42911,0,1.42911
O=C(Cc1cc2cccnn2c1-c1cccc(C(F)(F)F)c1)N1CCCC1CO,88.748,1,88.748
COc1ncccc1-c1cccc2c(=N)c3c([nH]c12)CN(C1CCC1)C3=O,3.387854,0,3.387854
CCN1Cc2nc3c(-c4cc(OC)ccc4OC)c(F)ccc3c(N)c2C1=O,0.11442,0,0.11442
CCN1Cc2[nH]c3c(-c4cc(OC)ccc4OC)cccc3c(=N)c2C1=O,0.181705,0,0.181705
COc1ccc(OC)c(-c2c(F)ccc3c(N)c(C(=O)NC4CCC4)nnc23)c1,1.109948,0,1.109948
COc1ccc(OC)c(-c2cccc3c(N)c(/C(O)=N/C4CCC4)nnc23)c1,1.627206,0,1.627206
Cc1ccc2c(-c3cnc4[nH]cc(/C(O)=N/C5(C)CCNC5)c4n3)nn(C)c2c1,429,1,429
CC(C)(C)/N=C(\O)c1c[nH]c2ncc(-c3n[nH]c4c(C(C)(C)O)cccc34)nc12,5,0,5
CCC(C)/N=C(/O)c1nnc2c(-c3cc(OC)ccc3OC)cccc2c1N,0.456528,0,0.456528
COc1ccc(OC)c(-c2c(F)ccc3c(N)c4c(nc23)CN(C2CC2)C4=O)c1,0.39341,0,0.39341
N#Cc1cccc(-c2c(C(=O)N3CCCCC3CO)cc3ccccn23)c1,89.855,1,89.855
COc1ccc(OC)c(-c2cccc3c(=N)c4c([nH]c23)CN(C2CC2)C4=O)c1,1.839558,0,1.839558
O=C1c2ccccc2C(/C(O)=N/Cc2ccc(OC(F)(F)F)cc2)N1CC1CCCO1,12.16348,1,12.16348
COc1cccc(-c2c(C(=O)N3CCCCC3CO)cc3ccccn23)c1,94.7544,1,94.7544
COc1ccc(OC)c(-c2cccc3c(N)c(/C(O)=N\C4CC(C)C4)nnc23)c1,0.70641,0,0.70641
COc1ccc(OC)c(-c2cccc3c(N)c(/C(O)=N/C4(C)CCC4)nnc23)c1,3.100355,0,3.100355
O=C1c2ccccc2C(/C(O)=N/Cc2ccc(F)c(C(F)(F)F)c2)N1CCc1ncc(F)cn1,6.6696,0,6.6696
O=C1c2ccccc2C(/C(O)=N/Cc2ccc(F)c(OC(F)(F)F)c2)N1CCc1ncc(F)cn1,13.2948,1,13.2948
O=C1c2ccccc2C(/C(O)=N\Cc2cccc(OC(F)(F)F)c2)N1CCc1ncc(F)cn1,28.93901,1,28.93901
O=C1c2ccccc2C(/C(O)=N\Cc2ccc(OC(F)(F)F)cc2)N1CCc1ncc(F)cn1,11.86025,1,11.86025
O=C1c2c(O)cccc2C(/C(O)=N\Cc2ccc(OC(F)(F)F)cc2)N1CCc1ncc(F)cn1,0.98082,0,0.98082
O=C1c2ccccc2C(/C(O)=N\Cc2ccc(OC(F)(F)F)cc2)N1CCc1ncccn1,141.4902,1,141.4902
O=C1c2ccccc2C(/C(O)=N\Cc2ccc(OC(F)(F)F)cc2)N1CCc1cnccn1,5.47704,0,5.47704
C/C(O)=N/C(C)c1ccc(/N=c2/nc3cc(Cl)c(-c4ccncc4)cc3c[nH]2)cc1,0.83578,0,0.83578
O=C1c2ccccc2C(/C(O)=N\Cc2ccc(Br)cc2)N1CCc1ccccn1,25.66881,1,25.66881
O=C1c2ccccc2C(/C(O)=N\Cc2cccc(Br)c2)N1CCc1ccccn1,2.70198,0,2.70198
O=C1c2ccccc2C(/C(O)=N\Cc2ccccc2Br)N1CCc1ccccn1,126.0924,1,126.0924
O=C1c2ccccc2C(/C(O)=N\Cc2ccc(OC(F)F)nc2)N1CCc1ccccn1,14.02976,1,14.02976
C/C(O)=N/C(C)c1ccc(Nc2ncc3cc(-c4ccncc4)ccc3n2)cc1,1.3283097643,0,1.3283097643
COc1ccc(OC)c(-c2c(F)ccc3c(N)c4c(nc23)CN(C2CCC2)C4=O)c1,0.40744,0,0.40744
COCCN(C)c1ccc(Nc2ncc3cc(-c4ccncc4)ccc3n2)cc1,0.77092,0,0.77092
COc1ccc(OC)c(-c2cccc3c(=N)c4c([nH]c23)CN(C2CCC2)C4=O)c1,0.895735,0,0.895735
O=C1c2ccccc2C(/C(O)=N\Cc2ccc(OC(F)(F)F)cc2)N1CCN1CCOCC1,92.69,1,92.69
O=C1c2ccccc2C(/C(O)=N/Cc2ccc(OC(F)(F)F)cc2)N1CC(F)(F)c1ccccn1,0.98282,0,0.98282
O=C1c2ccccc2C(/C(O)=N\Cc2ccc(OC(F)(F)F)cc2)N1CCc1ccc(F)cn1,2.3671,0,2.3671
O=C1c2cccc(F)c2C(/C(O)=N/Cc2ccc(OC(F)(F)F)cc2)N1CCc1ccccn1,8.04814,0,8.04814
O=C1c2c(F)cccc2C(/C(O)=N\Cc2ccc(OC(F)(F)F)cc2)N1CCc1ccccn1,12.30892,1,12.30892
O=C1c2ccccc2C(/C(O)=N\Cc2ccc(C(F)(F)F)cc2)N1CCc1ccccn1,3.07601,0,3.07601
O=C1c2ccccc2C(/C(O)=N\Cc2ccc(OC(F)(F)F)cc2)N1CCc1ccncc1,27.78123,1,27.78123
O=C1c2ccccc2C(/C(O)=N\Cc2cccc(OC(F)(F)F)c2)N1CCc1ccccn1,8.65317,0,8.65317
O=C1c2ccccc2C(/C(O)=N\Cc2ccc(OC(F)(F)F)cc2)N1CCc1cccnc1,31.42467,1,31.42467
O=C1c2c(O)cccc2C(/C(O)=N\Cc2ccc(OC(F)(F)F)cc2)N1CCc1ccccn1,7.07145,0,7.07145
O=C1c2ccccc2C(/C(O)=N\Cc2ccc(OCC(F)(F)F)nc2)N1CCc1ccccn1,41.39872,1,41.39872
N#CC1CCC(N2C(=O)c3ccccc3C2/C(O)=N/Cc2ccc(OC(F)(F)F)cc2)CC1,91.488,1,91.488
C/C(O)=N\C(C)c1ccc(/N=c2\nc3cc(C)c(-c4ccncc4)cc3c[nH]2)cc1,1.98735,0,1.98735
COc1cc(-c2ccncc2)cc2cnc(Nc3ccc(C(C)/N=C(/C)O)cc3)nc12,2.06735,0,2.06735
COCCNC(C)c1ccc(Nc2ncc3cc(-c4ccncc4)ccc3n2)cc1,331.5767,1,331.5767
COc1ccc(OC)c(-c2cccc3c(=N)c4c([nH]c23)CN(C2CC(C)C2)C4=O)c1,0.363123,0,0.363123
COc1ccc(OC)c(-c2cccc3c(=N)c4c([nH]c23)CN(C2CCCC2)C4=O)c1,1.170063,0,1.170063
O=C1c2ccccc2C(/C(O)=N\Cc2ccc(OC(F)(F)F)cc2)N1CCC1CCOCC1,9.2492,0,9.2492
CCC(C)(C)N1Cc2[nH]c3c(-c4cc(OC)ccc4OC)cccc3c(=N)c2C1=O,0.81098,0,0.81098
CN1CCC(c2nn(-c3cnc4[nH]cc(/C(O)=N/C(C)(C)CO)c4n3)c3ccccc23)CC1,19,1,19
CN(C)CCCn1nc(-c2cnc3[nH]cc(/C(O)=N/C(C)(C)CO)c3n2)c2cc(OC(F)F)ccc21,586,1,586
Cc1ccc2c(-c3cnc4[nH]cc(/C(O)=N/C(C)(C)CO)c4n3)nn(CCCN(C)C)c2c1,58,1,58
O=C1c2ccccc2C(/C(O)=N\Cc2ccc(CC(F)(F)F)cc2)N1CCc1ccccn1,54.4152,1,54.4152
CC(Cc1ccccn1)N1C(=O)c2ccccc2C1/C(O)=N\Cc1ccc(OC(F)(F)F)cc1,13.14488,1,13.14488
Cc1cccc(CCN2C(=O)c3ccccc3C2/C(O)=N\Cc2ccc(OC(F)(F)F)cc2)n1,1.64311,0,1.64311
Cc1cccc2c1C(/C(O)=N/Cc1ccc(OC(F)(F)F)cc1)N(CCc1ccccn1)C2=O,0.46946,0,0.46946
CC1(/C(O)=N/Cc2ccc(OC(F)(F)F)cc2)c2ccccc2C(=O)N1CCc1ccccn1,9.3892,0,9.3892
O=C1c2ccccc2C(/C(O)=N\Cc2ccc(OC(F)(F)F)cc2)N1CCCc1ccccn1,2.81676,0,2.81676
COc1cccc2c1C(/C(O)=N/Cc1ccc(OC(F)(F)F)cc1)N(CCc1ccccn1)C2=O,1.94184,0,1.94184
COc1cccc2c1C(=O)N(CCc1ccccn1)C2/C(O)=N/Cc1ccc(OC(F)(F)F)cc1,2.91276,0,2.91276
O=C1c2ccccc2C(/C(O)=N\Cc2ccc(OCCC(F)(F)F)nc2)N1CCc1ccccn1,53.2917,1,53.2917
CCN(CCO)C(=O)c1cc2cccnn2c1-c1cccc(/C(O)=N\c2ccccc2)c1,10.712,1,10.712
COCC/C(O)=N/C(C)c1ccc(Nc2ncc3cc(-c4ccncc4)ccc3n2)cc1,3.6993701478,0,3.6993701478
CC(C)(C)OC(=O)N1CC(N2C(=O)c3ccccc3C2/C(O)=N\Cc2ccc(OC(F)(F)F)cc2)C1,15.1647,1,15.1647
CC(NC1=CC(=O)CC1)c1ccc(Nc2ncc3cc(-c4ccncc4)ccc3n2)cc1,1.68596,0,1.68596
CC(NC1=CC(O)=NCC1)c1ccc(Nc2ncc3cc(-c4ccncc4)ccc3n2)cc1,1.30953,0,1.30953
CC(NC1=CC(=O)CNC1)c1ccc(Nc2ncc3cc(-c4ccncc4)ccc3n2)cc1,4.3651,0,4.3651
CC(/N=C(\O)C1c2ccccc2C(=O)N1CCc1ccccn1)c1ccc(OCC(F)(F)F)cc1,16.43832,1,16.43832
CC(C)(Cc1ccccn1)N1C(=O)c2ccccc2C1/C(O)=N/Cc1ccc(OC(F)(F)F)cc1,6.28524,0,6.28524
CC(C)(CN1C(=O)c2ccccc2C1/C(O)=N/Cc1ccc(OC(F)(F)F)cc1)c1ccccn1,2.90088,0,2.90088
CC(/N=C(\O)C1CCCN1)c1ccc(Nc2ncc3cc(-c4ccncc4)ccc3n2)cc1,179.7932,1,179.7932
CC(NC1=CC(=O)CCC1)c1ccc(Nc2ncc3cc(-c4ccncc4)ccc3n2)cc1,1.74208,0,1.74208
CC(/N=C(\O)C1CCNCC1)c1ccc(Nc2ncc3cc(-c4ccncc4)ccc3n2)cc1,15.3867,1,15.3867
CC(/N=C(\O)C1CCCNC1)c1ccc(Nc2ncc3cc(-c4ccncc4)ccc3n2)cc1,15.3867,1,15.3867
CC(C)(C)OC(=O)N1CCC(N2C(=O)c3ccccc3C2/C(O)=N\Cc2ccc(OC(F)(F)F)cc2)CC1,3.73478,0,3.73478
N#Cc1c(N)c2cncnc2[nH]c1=N,1.11702,0,1.11702
Cc1ncc2c(N)c(C#N)c(=N)[nH]c2n1,156.7566,1,156.7566
N#Cc1c(N)c2cnc(C3CC3)[nH]c-2nc1=N,5.20352,0,5.20352
N#Cc1c(N)c2cnc(C3CCC3)[nH]c-2nc1=N,52.13642,1,52.13642
CC(C)(C)c1ncc2c(N)c(C#N)c(=N)nc-2[nH]1,9.012816,0,9.012816
CC(C)Cc1ncc2c(N)c(C#N)c(=N)[nH]c2n1,64.93104,1,64.93104
N#Cc1c(N)c2cnc(C3CCCC3)[nH]c-2nc1=N,22.63181,1,22.63181
CC(C)(C)c1ccc2c(N)c(C#N)c(N)nc2n1,3.426318,0,3.426318
Cc1nc(C(C)(C)C)[nH]c2nc(=N)c(C#N)c(N)c1-2,9.48347,0,9.48347
CSc1nc(C(C)(C)C)nc2nc(N)c(C#N)c(N)c12,4.03718,0,4.03718
CC(C)(C)c1nc(-c2cnn[nH]2)c2c(N)c(C#N)c(N)nc2n1,9.2799,0,9.2799
CC(C)(C)c1nc(-c2nc[nH]n2)c2c(N)c(C#N)c(=N)nc-2[nH]1,19.951785,1,19.951785
N#Cc1c(N)c2cnc(C3CCCCC3)[nH]c-2nc1=N,21.73392,1,21.73392
Cn1cnc2cc(C#Cc3ccccc3)cnc21,9.79734,0,9.79734
N#Cc1c(N)c2cnc(Cc3ccccc3)nc2[nH]c1=N,3.5919,0,3.5919
O=C1CCOc2nc(OCc3ccccc3)ccc21,16.33728,1,16.33728
O=C1CCOc2nc(COc3ccccc3)ccc21,25.527,1,25.527
CN1CCOc2cc(OC(=O)c3ccccc3)cnc21,35.1364,1,35.1364
CC(C)(C)c1nc(-c2ncco2)c2c(N)c(C#N)c(=N)nc-2[nH]1,15.4665,1,15.4665
O=C1CCOc2nc(C#CC3CCCC3)ccc21,5.54967,0,5.54967
CC(C)(C)c1nc(-c2cc[nH]n2)c2c(N)c(C#N)c(=N)nc-2[nH]1,4.16259,0,4.16259
CN1CCOc2cc(COc3ccccc3)cnc21,4.6134,0,4.6134
CS(=O)(=O)N1CCOc2cc(COc3ccccc3)cnc21,3.2036,0,3.2036
N#Cc1c(N)c2cnc(CC3CCCCC3)nc2[nH]c1=N,2.25872,0,2.25872
O=c1ccnc2cc(C#Cc3ccccc3)ccn12,3.94016,0,3.94016
OC1=NCc2cc(C#Cc3ccccc3)ccc21,1.63282,0,1.63282
O=C1CCOc2nc(C#Cc3ccccc3)ccc21,5.73298,0,5.73298
Cn1cnc2cc(C#Cc3ccccc3)ccc21,2.3228,0,2.3228
O=C(Oc1ccc2c(c1)OCCC2=O)c1ccccc1,0.26826,0,0.26826
O=C1CCOc2nc(/C=C/c3ccccc3)ccc21,3.51792,0,3.51792
O=C1CCOc2cc(OCc3cccc(Cl)c3)ccc21,0.28873,0,0.28873
O=C1CCOc2cc(OCc3ccc(F)cc3)ccc21,1.36135,0,1.36135
O=C1CCOc2cc(OCc3cccc(F)c3)ccc21,0.54454,0,0.54454
CN1CCOc2nc(C#Cc3ccccc3)ccc21,25.03,1,25.03
CN1CCOc2cc(C#Cc3ccccc3)cnc21,1.0012,0,1.0012
O=C1CCOc2cc(COc3ccccc3)ccc21,3.05136,0,3.05136
O=C1CCOc2cc(OCc3ccccc3)ccc21,1.77996,0,1.77996
CC1=NC(C)(c2cccc(-c3cccnc3)c2)N=C1N,101.23839,1,101.23839
CC(C)(C)c1nc(-c2ccsc2)c2c(N)c(C#N)c(N)nc2n1,12.976,1,12.976
CC(C)(C)c1nc(-c2cccs2)c2c(N)c(C#N)c(=N)nc-2[nH]1,18.1664,1,18.1664
CC(C)(C)c1nc(-c2cnccn2)c2c(N)c(C#N)c(N)nc2n1,27.5501,1,27.5501
CC(=O)N1CCOc2cc(COc3ccccc3)cnc21,11.3724,1,11.3724
CC(C)(C)c1nc(-c2ccc[nH]2)c2c(N)c(C#N)c(=N)nc-2[nH]1,15.3675,1,15.3675
O=C1CCOc2nc(C#CC3CCCCC3)ccc21,14.55267,1,14.55267
Cc1c[nH]c(-c2nc(C(C)(C)C)[nH]c3nc(=N)c(C#N)c(N)c2-3)n1,1.61185,0,1.61185
CC(C)(C)c1nc(-c2ccc[nH]2)c2cc(C(=N)O)c(N)nc2n1,40.3455,1,40.3455
CCN1CCOc2cc(COc3ccccc3)cnc21,45.68577,1,45.68577
CCCCc1nc(C(C)(C)C)[nH]c2nc(=N)c(C#N)c(N)c1-2,1.79034,0,1.79034
CCS(=O)(=O)NCC(c1ccccc1)N1CCCCCC1,145.9115,1,145.9115
O=C1CCOc2cc(C#Cc3ccccc3)ccc21,0.24828,0,0.24828
OC1=NCCc2cc(C#Cc3ccccc3)ccc21,0.24729,0,0.24729
O=C1CCCc2nc(C#Cc3ccccc3)ccc21,5.44038,0,5.44038
N#Cc1cccc(COc2ccc3c(c2)OCCC3=O)c1,1.95503,0,1.95503
CC(=O)N1CCOc2nc(C#Cc3ccccc3)ccc21,58.4451,1,58.4451
Cc1cccc(COc2ccc3c(c2)OCCC3=O)c1,0.80493,0,0.80493
CC(C)(C)c1nc(-c2ccccn2)c2c(N)c(C#N)c(N)nc2n1,27.78432,1,27.78432
CC(C)(C)c1nc(-c2ccncc2)c2c(N)c(C#N)c(=N)nc-2[nH]1,14.05184,1,14.05184
CC(C)(C)c1nc(CCCCC#N)c2c(N)c(C#N)c(=N)nc-2[nH]1,5.1744,0,5.1744
O=S(=O)(NCC(c1ccccc1)N1CCCCCC1)C1CC1,119.63637,1,119.63637
CC1=NC(c2cccc(-c3cncc(Cl)c3)c2)(C2CC2)N=C1N,20.13822,1,20.13822
CC(C)(C)c1nc(-c2ccccc2)c2c(N)c(C#N)c(N)nc2n1,1.27352,0,1.27352
COCC1CN=C(c2ccccc2Cl)c2cc(Br)ccc2N1C,1.385859,0,1.385859
CC(C)n1ncnc1-c1cc2c(s1)-c1ccc(C(=N)O)cc1OCC2,53,1,53
COc1cccc(-c2cccc(C3(C)N=C(C)C(N)=N3)c2)c1,46.05752,1,46.05752
CC(C)C1=NC(C)(c2cccc(-c3cccnc3)c2)N=C1N,116.952,1,116.952
O=S(=O)(NCC(c1ccccc1)N1CCCC1)c1ccc(Cl)cc1,17.14983,1,17.14983
O=S(=O)(NCC(c1ccccc1)N1CCOCC1)c1ccc(Cl)cc1,6.09424,0,6.09424
CC(C)(C)c1nc(CCCCCC#N)c2c(N)c(C#N)c(=N)nc-2[nH]1,2.02452,0,2.02452
O=S(=O)(NCC(c1ccccc1)N1CCCCCC1)c1ccc(Br)s1,3.99078,0,3.99078
CCN(CC)C(CNS(=O)(=O)c1ccc(Cl)cc1)c1ccccc1,110.073,1,110.073
CN(C(=O)c1cc2c(s1)-c1ncccc1OCC2)c1ccccc1Cl,15.20485,1,15.20485
COc1cncc(-c2cc(-c3cn4cccc(C(N)=O)c4n3)ccn2)c1,7.5977,0,7.5977
COc1cncc(-c2cncc(-c3cn4cccc(C(N)=O)c4n3)c2)c1,1.208725,0,1.208725
COc1cncc(-c2cccc(-c3cn4ccnc(C(N)=O)c4n3)c2)c1,3.4535,0,3.4535
COc1cncc(-c2cccc(-c3nc4c(C(N)=O)cccn4n3)c2)c1,6.2163,0,6.2163
CC(Oc1ccc(S(C)(=O)=O)cc1C(=O)N1Cc2cnc(C(F)(F)F)cc2C1)C(F)(F)F,470,1,470
CC(Oc1ccc(S(C)(=O)=O)cc1C(=O)N1Cc2ccc(C(F)(F)F)nc2C1)C(F)(F)F,429,1,429
CC(Oc1ccc(S(C)(=O)=O)cc1C(=O)N1Cc2cc(C(F)(F)F)cnc2C1)C(F)(F)F,280,1,280
CS(=O)(=O)c1ccc(OCCC(F)(F)F)c(C(=O)N2Cc3cc(C(F)(F)F)cnc3C2)c1,513,1,513
N=C(O)c1ccc2c(c1)OCCc1cc(-c3ncnn3C3CCC3)sc1-2,13.55828,1,13.55828
CC(C)Oc1ccc(S(C)(=O)=O)cc1C(=O)N1Cc2cc(C(F)(F)F)cnc2C1,114,1,114
CN(C)CCn1ncnc1-c1cc2c(s1)-c1ccc(C(=N)O)cc1OCC2,49.08416,1,49.08416
O=S(=O)(NCC(c1ccccc1)N1CCCCC1)c1ccc(Cl)cc1,1.13676,0,1.13676
O=S(=O)(NCC(c1ccccc1)N1CCCCCC1)c1cccnc1,51.40707,1,51.40707
Cc1noc(C)c1S(=O)(=O)NCC(c1ccccc1)N1CCCCCC1,13.9675,1,13.9675
Fc1ccc(-n2ncnc2-c2cc3c(s2)-c2ccccc2OCC3)c(F)c1,1.56374,0,1.56374
Clc1ccccc1-c1ocnc1-c1cc2c(s1)-c1ncccc1OCC2,15.61485,1,15.61485
N=C(O)c1cnc2c(c1)OCCc1cc(-c3nn[nH]c3-c3ccc(F)cc3F)sc1-2,17.44181,1,17.44181
Clc1ccccc1-n1cnnc1-c1cc2c(s1)-c1ccccc1OCC2,5.6979,0,5.6979
COc1cncc(-c2cccc(-c3nc4c(C(=N)O)cccc4o3)c2)c1,0.6907,0,0.6907
COc1cncc(-c2cccc(-c3nc4cccc(C(=N)O)c4[nH]3)c2)c1,1.03311,0,1.03311
CC(Oc1ccc(S(C)(=O)=O)cc1C(=O)N1Cc2ccc(C(F)(F)F)cc2C1)C(F)(F)F,1,0,1
CC(Oc1ccc(S(C)(=O)=O)cc1C(=O)N1Cc2cccc(C#N)c2C1)C(F)(F)F,259,1,259
Cc1cccc2c1CN(C(=O)c1cc(S(C)(=O)=O)ccc1OC(C)C(F)(F)F)C2,73,1,73
CS(=O)(=O)c1ccc(N2CCOCC2)c(C(=O)N2Cc3cc(C(F)(F)F)cnc3C2)c1,495,1,495
COc1ccc2c(c1)CN(C(=O)c1cc(S(C)(=O)=O)ccc1OC(C)C(F)(F)F)C2,46,1,46
COc1cccc2c1CN(C(=O)c1cc(S(C)(=O)=O)ccc1OC(C)C(F)(F)F)C2,85,1,85
CC(C)COc1ccc(S(C)(=O)=O)cc1C(=O)N1Cc2cc(C(F)(F)F)cnc2C1,445,1,445
O=S(=O)(NCC(c1ccccc1)N1CCCCCC1)c1ccc(Cl)cc1Cl,0.42739,0,0.42739
O=S(=O)(NCC(c1ccccc1)N1CCCCCC1)c1cc(Cl)cc(Cl)c1,0.85478,0,0.85478
O=S(=O)(NCC(c1ccccc1)N1CCCCCC1)c1ccc(F)c(Cl)c1,6.98581,0,6.98581
O=S(=O)(NCC(c1ccccc1)N1CCCCCC1)c1ccc(F)cc1F,7.49512,0,7.49512
O=S(=O)(NCC(c1ccccc1)N1CCCCCC1)c1ccc(F)c(F)c1,3.9448,0,3.9448
O=S(=O)(NCC(c1ccccc1)N1CCCCCC1)c1ccc(Br)cc1,0.43739,0,0.43739
O=S(=O)(NCC(c1ccccc1)N1CCCCCC1)c1ccc(Cl)cc1,0.39294,0,0.39294
O=S(=O)(NCC(c1ccccc1)N1CCCCCC1)c1cccc(Cl)c1,2.75058,0,2.75058
O=S(=O)(NCC(c1ccccc1)N1CCCCCC1)c1ccc(F)cc1,3.38841,0,3.38841
O=S(=O)(NCC(c1ccccc1)N1CCCCCC1)c1ccccc1F,40.66092,1,40.66092
O=S(=O)(NCC(c1ccccc1)N1CCCCCC1)c1ccccc1,24.0195,1,24.0195
CCN1CCN(C(CNS(=O)(=O)c2ccc(Cl)cc2)c2ccccc2)CC1,97.9104,1,97.9104
N=c1[nH]c(-c2cc3c(s2)-c2ccccc2OCC3)c(-c2ccccc2Cl)s1,1.64376,0,1.64376
N=C(O)c1ccc2c(c1)OCCc1cc(-c3nncn3-c3ccccc3Cl)sc1-2,3.80601,0,3.80601
N=C(O)c1ccc2c(c1)OCCc1cc(-c3nnc(O)n3-c3ccccc3Cl)sc1-2,6.58335,0,6.58335
CC1=NC(c2ccc(F)cc2)(c2cccc(-c3cccnc3)c2)N=C1N,12.0533,1,12.0533
C/C(O)=N/c1ccc(Nc2ncc3cc(-c4ccncc4)ccc3n2)cc1,0.71078,0,0.71078
NC(=O)c1cccn2cc(-c3cccc(-c4cncc(OCCF)c4)c3)nc12,6.02208,0,6.02208
CC1=NC(c2ccccc2)(c2cccc(-c3cccnc3)c2)N=C1N,20.56257,1,20.56257
CC1(c2cccc(-c3cccnc3)c2)N=C(N)C(c2ccccc2)=N1,64.95161,1,64.95161
C/N=C(/O)c1cccn2cc(-c3cccc(-c4cncc(OC)c4)c3)nc12,1.971145,0,1.971145
COc1cncc(-c2cccc(-c3cn4ccc(OC)c(C(=N)O)c4n3)c2)c1,14.9756,1,14.9756
CC1=NC(Cc2ccccc2)(c2cccc(-c3cncnc3)c2)N=C1N,79.54853,1,79.54853
COc1ccc(C2(c3cccc(-c4cncnc4)c3)N=C(C)C(N)=N2)cc1,127.95278,1,127.95278
CC#Cc1cncc(-c2cccc(C3(C4CC4)N=C(C)C(N)=N3)c2)c1,22.00347,1,22.00347
CC#Cc1ccnc(-c2cc(C3(C4CC4)N=C(C)C(N)=N3)ccc2O)c1,1.37764,0,1.37764
CC#Cc1cncc(-c2cc(C3(C4CC4)N=C(C)C(N)=N3)ccc2O)c1,137.764,1,137.764
CC1=NC(c2cccc(-c3cccnc3)c2)(C2CCCCC2)N=C1N,19.61396,1,19.61396
N#Cc1cc(S(=O)(=O)NCC(c2ccccc2)N2CCCCCC2)ccc1F,5.621,0,5.621
O=S(=O)(NCC(c1ccccc1)N1CCCCCC1)c1ccc(C(F)(F)F)cc1,0.853,0,0.853
O=S(=O)(NCC(c1ccccc1)N1CCCCCC1)c1cccc(C(F)(F)F)c1,1.706,0,1.706
N#Cc1ccc(S(=O)(=O)NCC(c2ccccc2)N2CCCCCC2)cc1,2.68457,0,2.68457
COc1cc(F)ccc1C(CNS(=O)(=O)c1ccc(F)c(Cl)c1)N1CCCCCC1,16.98115,1,16.98115
O=S(=O)(NCC(c1ccccc1)N1CCCCCC1)c1ccccc1OC(F)(F)F,4.425,0,4.425
O=S(=O)(Cc1cc(Cl)cc(Cl)c1)NCC(c1ccccc1)N1CCCCCC1,0.44141,0,0.44141
COc1cc(F)ccc1C(CNS(=O)(=O)c1ccc(Cl)cc1)N1CCCCCC1,3.96864,0,3.96864
NS(=O)(=O)c1ccc(C(CNS(=O)(=O)c2ccc(C(F)(F)F)cc2)N2CCCCCC2)cc1,4.55013,0,4.55013
O=S(=O)(Cc1ccccc1)NCC(c1ccccc1)N1CCCCCC1,72.6414,1,72.6414
COc1ccc(S(=O)(=O)NCC(c2ccccc2)N2CCCCCC2)cc1,11.6556,1,11.6556
CS(=O)(=O)c1ccc(S(=O)(=O)NCC(c2ccccc2)N2CCCCCC2)cc1,1.74636,0,1.74636
CS(=O)(=O)c1ccc(-c2ccc(F)c(F)c2)c(C(=O)N2Cc3cc(C(F)(F)F)cnc3C2)c1,42,1,42
N=C(O)c1ccc2c(c1)OCCc1cc(-c3n[nH]cc3-c3ccccc3Cl)sc1-2,5.0628,0,5.0628
C/C(O)=N\c1nc(-c2cc3c(s2)-c2ncccc2OCC3)c(-c2ccccc2Cl)[nH]1,17.91331,1,17.91331
CC(=O)N(C)c1ccc(Nc2ncc3cc(-c4ccncc4)ccc3n2)cc1,2.58594,0,2.58594
COc1ccc(C2(c3cccc(-c4cccnc4)c3)N=C(C)C(N)=N2)cc1,112.98514,1,112.98514
COc1cncc(-c2cccc(-c3cn4cccc(C(=O)N(C)C)c4n3)c2)c1,3.7242,0,3.7242
COCCOc1ccc(Nc2ncc3cc(-c4ccncc4)ccc3n2)cc1,0.37242,0,0.37242
CC(C)C1=NC(c2ccccc2)(c2cccc(-c3cncnc3)c2)N=C1N,15.9948,1,15.9948
COc1ccc(C2(c3cccc(-c4cncnc4)c3)N=C(C)C(N)=N2)cc1C,94.7172,1,94.7172
COc1cccc(-c2cccc(C3(C4CCOCC4)N=C(C)C(N)=N3)c2)c1,98.8584,1,98.8584
COc1cc(F)ccc1C(CNS(=O)(=O)c1ccc(C(F)(F)F)cc1)N1CCCCCC1,0.94902,0,0.94902
COc1ccccc1C(CNS(=O)(=O)c1ccc(C(F)(F)F)cc1)N1CCCCCC1,6.39128,0,6.39128
CS(=O)(=O)c1ccc(C(CNS(=O)(=O)c2ccc(C(F)(F)F)cc2)N2CCCCCC2)cc1,1.51377,0,1.51377
CS(=O)(=O)c1ccccc1C(CNS(=O)(=O)c1ccc(C(F)(F)F)cc1)N1CCCCCC1,2.52295,0,2.52295
CS(=O)(=O)c1ccc(OCc2ccccc2)c(C(=O)N2Cc3cc(C(F)(F)F)cnc3C2)c1,72,1,72
COCC/N=C(\O)c1ccc(Nc2ncc3cc(-c4ccncc4)ccc3n2)cc1F,0.41744,0,0.41744
COCC/N=C(\O)c1cccc(Nc2ncc3cc(-c4ccncc4)ccc3n2)c1,0.7989,0,0.7989
COCCC(=O)Nc1ccc(Nc2ncc3cc(-c4ccncc4)ccc3n2)cc1,1.5978,0,1.5978
COCCNC(=O)c1ccc(Nc2ncc3cc(-c4ccncc4)ccc3n2)cc1,1.19835,0,1.19835
NC(=O)c1nccn2cc(-c3cccc(-c4cncc(OCC5CCCO5)c4)c3)nc12,16.6176,1,16.6176
COc1c(C)cc(C2(c3cccc(-c4cncnc4)c3)N=C(C)C(N)=N2)cc1C,101.2221530401,1,101.2221530401
COc1ccc(C2(c3cccc(-c4cncnc4)c3)N=C(N)C(C(C)C)=N2)cc1,130.28548,1,130.28548
COCCNCc1ccc(Nc2ncc3cc(-c4ccncc4)ccc3n2)cc1,323.7864,1,323.7864
CN(C)CCOc1cncc(-c2cccc(-c3cn4cccc(C(N)=O)c4n3)c2)c1,128.4672,1,128.4672
CC(Oc1ccc(S(C)(=O)=O)cc1C(=O)N1Cc2ccc(N3CCOCC3)cc2C1)C(F)(F)F,355,1,355
O=S(=O)(NCC(c1ccccc1)N1CCCCCC1)c1cccc2cccnc12,0.81908,0,0.81908
COc1cccc(OC)c1C(CNS(=O)(=O)c1ccc(C(F)(F)F)cc1)N1CCCCCC1,104.60825,1,104.60825
CC(C)(C)c1nc(CCCCCC2CCCCC2)c2c(N)c(C#N)c(=N)nc-2[nH]1,2.36736,0,2.36736
CC(Oc1ccc(S(C)(=O)=O)cc1C(=O)N1Cc2ccc(-c3ccncc3)cc2C1)C(F)(F)F,25,1,25
CC(Oc1ccc(S(C)(=O)=O)cc1C(=O)N1Cc2ccc(-c3ccccn3)cc2C1)C(F)(F)F,30,1,30
NC(=O)c1cccn2cc(-c3cccc(-c4cncc(OCC5CCCO5)c4)c3)nc12,2.196638,0,2.196638
COc1ccn2cc(-c3cccc(-c4cncc(OC5CCOC5)c4)c3)nc2c1C(=N)O,258.276,1,258.276
Cc1ccc(NC(=O)C2c3ccccc3C(=O)N2CCc2ccccn2)cc1C,13.10564,1,13.10564
COCCNC(=O)c1ccc(Nc2ncc3cc(-c4ccncc4)ccc3n2)cc1C,2.89429,0,2.89429
COCCC(=O)N(C)c1ccc(Nc2ncc3cc(-c4ccncc4)ccc3n2)cc1,16.5388,1,16.5388
COc1ccc(C/N=C(/O)C2c3ccccc3C(=O)N2CCc2ccccn2)cc1,144.5256,1,144.5256
CN(C)CCNC(=O)c1ccc(Nc2ncc3cc(-c4ccncc4)ccc3n2)cc1,90.7478,1,90.7478
COCCN(C)Cc1ccc(Nc2ncc3cc(-c4ccncc4)ccc3n2)cc1,247.6838,1,247.6838
CC(Oc1ccc(S(C)(=O)=O)cc1C(=O)N1Cc2ccc(C3CCOCC3)cc2C1)C(F)(F)F,76,1,76
CS(=O)(=O)c1ccc(OCCC(F)(F)F)c(C(=O)N2Cc3ccc(C4CCOCC4)cc3C2)c1,334,1,334
COc1cccc(-c2cccc(C3(C4CCN(C(C)=O)CC4)N=C(C)C(N)=N3)c2)c1,103.9565,1,103.9565
CC(Oc1ccc(S(C)(=O)=O)cc1C(=O)N1Cc2ccc(N3CCN(C)CC3)cc2C1)C(F)(F)F,490,1,490
CC(C)Oc1ccc(S(C)(=O)=O)cc1C(=O)N1Cc2ccc(C3CCOCC3)cc2C1,191,1,191
CCCS(=O)(=O)c1ccc(C(CNS(=O)(=O)c2ccc(C(F)(F)F)cc2)N2CCCCCC2)cc1,0.53264,0,0.53264
O=C1c2ccccc2C(/C(O)=N\Cc2ccc(OCC(F)(F)F)cc2)N1CCc1ccccn1,19.71732,1,19.71732
CC(Oc1ccc(S(C)(=O)=O)cc1C(=O)N1Cc2ccc(-c3ccccc3)cc2C1)C(F)(F)F,4,0,4
COc1ccn2cc(-c3cccc(-c4cncc(OCC5CCCO5)c4)c3)nc2c1C(=N)O,53.3376,1,53.3376
O=C(NCCN1CCCC1)c1ccc(Nc2ncc3cc(-c4ccncc4)ccc3n2)cc1,241.186,1,241.186
CC#Cc1cncc(-c2cccc(C3(c4cc(C)c(OC)c(C)c4)N=C(C)C(N)=N3)c2)c1,9.71796,0,9.71796
CS(=O)(=O)c1ccc(-c2ccc(F)cc2)c(C(=O)N2Cc3ccc(C4CCOCC4)cc3C2)c1,15,1,15
CN1CCCC1CCNC(=O)c1ccc(Nc2ncc3cc(-c4ccncc4)ccc3n2)cc1,203.6475,1,203.6475
CC(/N=C(\O)C1CCCCN1C)c1ccc(Nc2ncc3cc(-c4ccncc4)ccc3n2)cc1,30.3277,1,30.3277
CC(/N=C(\O)C1CCCCN1CCO)c1ccc(Nc2ncc3cc(-c4ccncc4)ccc3n2)cc1,0.4966,0,0.4966
